"","Island_Name","RasterAddress_250m","DepthBin_5m","Depth_m_mn","Longitude_mn","Latitude_mn","Longitude_ras","Latitude_ras","AreaSurveyed_m2_sum","PercentLiveCoralCover_mean","PercentLiveCoralCover_sd","PercentLiveCoralCover_N","PctCoralUnbleached_mean","PctCoralUnbleached_sd","PctCoralUnbleached_N","PctCoralPartialBleached_mean","PctCoralPartialBleached_sd","PctCoralPartialBleached_N","PctCoralFullyBleached_mean","PctCoralFullyBleached_sd","PctCoralFullyBleached_N","PctAffected_mean","PctAffected_sd","PctAffected_N"
"1","Hawaii",560806,"(10,15]",10.605933625536,-155.8972047,NA,NA,20.14571594,2194.3,17.5,NA,1,60,NA,1,30,NA,1,10,NA,1,40,NA,1
"2","Hawaii",561747,"(10,15]",10.668,-155.89696,NA,NA,20.14414,16.1,NA,NA,1,60.39,NA,1,10.96,NA,1,28.65,NA,1,39.61,NA,1
"3","Hawaii",561747,"(5,10]",9.700001120412,-155.89681275,NA,NA,20.143157235,3504.4,25,7.07106781186548,2,55,14.142135623731,2,27.5,10.6066017177982,2,17.5,3.53553390593274,2,45,14.142135623731,2
"4","Hawaii",562689,"(10,15]",10.56500029008,-155.8962418,NA,NA,20.14135004,1392,27.5,NA,1,55,NA,1,35,NA,1,10,NA,1,45,NA,1
"5","Hawaii",562689,"(5,10]",9.65690026224,-155.8958805,NA,NA,20.14018811,1382.6,20,NA,1,47.5,NA,1,40,NA,1,12.5,NA,1,52.5,NA,1
"6","Hawaii",563630,"(10,15]",10.527905051088,-155.8948285,NA,NA,20.13915463,1848.9,10,NA,1,52.5,NA,1,32.5,NA,1,15,NA,1,47.5,NA,1
"7","Hawaii",564572,"(5,10]",9.424353195204,-155.89377945,NA,NA,20.13684704,4201.1,23.75,8.83883476483184,2,61,3.53553390593274,2,35,3.53553390593274,2,4,0,2,39,3.53553390593274,2
"8","Hawaii",565513,"(5,10]",9.952389158688,-155.893386,NA,NA,20.13426347,2197,32.5,NA,1,61,NA,1,35,NA,1,4,NA,1,39,NA,1
"9","Hawaii",566454,"(5,10]",9.590937759672,-155.892466,NA,NA,20.1325657,2064.5,35,NA,1,57.5,NA,1,32.5,NA,1,10,NA,1,42.5,NA,1
"10","Hawaii",570219,"(5,10]",7.709608893432,-155.8906466,NA,NA,20.12280433,2389.2,27.5,NA,1,62.5,NA,1,25,NA,1,12.5,NA,1,37.5,NA,1
"11","Hawaii",571161,"(5,10]",8.475625224744,-155.8889393,NA,NA,20.12107909,2906.3,42.5,NA,1,52.5,NA,1,27.5,NA,1,20,NA,1,47.5,NA,1
"12","Hawaii",572102,"(5,10]",8.002646528844,-155.88798435,NA,NA,20.118989635,3467.3,36.25,12.3743686707646,2,53.75,5.30330085889911,2,33.75,1.76776695296637,2,12.5,3.53553390593274,2,46.25,5.30330085889911,2
"13","Hawaii",573043,"(5,10]",7.066045632936,-155.8875072,NA,NA,20.11725629,1758.8,30,NA,1,47.5,NA,1,35,NA,1,17.5,NA,1,52.5,NA,1
"14","Hawaii",573044,"(5,10]",8.090091120528,-155.8860135,NA,NA,20.11627212,2221.5,55,NA,1,35,NA,1,40,NA,1,25,NA,1,65,NA,1
"15","Hawaii",573985,"(5,10]",9.075792733068,-155.8855011,NA,NA,20.11390777,3573.2,41.25,5.30330085889911,2,42.5,10.6066017177982,2,35,14.142135623731,2,22.5,3.53553390593274,2,57.5,10.6066017177982,2
"16","Hawaii",574927,"(5,10]",8.920428807576,-155.8847522,NA,NA,20.11179616,1970.4,37.5,NA,1,60,NA,1,27.5,NA,1,12.5,NA,1,40,NA,1
"17","Hawaii",575868,"(5,10]",6.733190643072,-155.8837773,NA,NA,20.110393,1896.6,35,NA,1,57.5,NA,1,27.5,NA,1,15,NA,1,42.5,NA,1
"18","Hawaii",577750,"(10,15]",11.035793406912,-155.8840706,NA,NA,20.10587233,2076.1,25,NA,1,48.5,NA,1,45,NA,1,6.5,NA,1,51.5,NA,1
"19","Hawaii",577751,"(5,10]",8.458727496792,-155.8829609,NA,NA,20.1043288,2161.4,30,NA,1,50,NA,1,45,NA,1,5,NA,1,50,NA,1
"20","Hawaii",578692,"(5,10]",9.202708580328,-155.881866,NA,NA,20.10310712,2209,35,NA,1,52.5,NA,1,40,NA,1,7.5,NA,1,47.5,NA,1
"21","Hawaii",578693,"(5,10]",9.858500267472,-155.8803788,NA,NA,20.10210719,2027.6,40,NA,1,53.5,NA,1,42.5,NA,1,4,NA,1,46.5,NA,1
"22","Hawaii",579634,"(5,10]",9.483166923144,-155.8796164,NA,NA,20.1004441,2518.3,30,NA,1,56,NA,1,40,NA,1,4,NA,1,44,NA,1
"23","Hawaii",580575,"(5,10]",8.553125227224,-155.8788249,NA,NA,20.09862833,2120.9,32.5,NA,1,55,NA,1,37.5,NA,1,7.5,NA,1,45,NA,1
"24","Hawaii",581516,"(5,10]",8.974240238688,-155.8786547,NA,NA,20.09673486,2417.2,20,NA,1,55,NA,1,37.5,NA,1,7.5,NA,1,45,NA,1
"25","Hawaii",581517,"(5,10]",9.390280253952,-155.8775168,NA,NA,20.095834,2133.3,22.5,NA,1,52.5,NA,1,40,NA,1,7.5,NA,1,47.5,NA,1
"26","Hawaii",582458,"(5,10]",9.131000244192,-155.8764165,NA,NA,20.09452217,1910.3,22.5,NA,1,47.5,NA,1,42.5,NA,1,10,NA,1,52.5,NA,1
"27","Hawaii",582459,"(5,10]",9.158000245056,-155.8755712,NA,NA,20.09323859,1911.3,27.5,NA,1,45,NA,1,42.5,NA,1,12.5,NA,1,55,NA,1
"28","Hawaii",583400,"(10,15]",10.668,-155.87549,NA,NA,20.09202,20,NA,NA,1,49.09,NA,1,14.55,NA,1,36.36,NA,1,50.91,NA,1
"29","Hawaii",585283,"(5,10]",9.837758886552,-155.8718416,NA,NA,20.0872948,2667.5,45,NA,1,40,NA,1,45,NA,1,15,NA,1,60,NA,1
"30","Hawaii",586225,"(10,15]",10.060266940392,-155.8709724,NA,NA,20.08514774,2709.7,30,NA,1,42.5,NA,1,42.5,NA,1,15,NA,1,57.5,NA,1
"31","Hawaii",587167,"(5,10]",8.202643071192,-155.8691988,NA,NA,20.08356882,2765,37.5,NA,1,52.5,NA,1,32.5,NA,1,15,NA,1,47.5,NA,1
"32","Hawaii",588108,"(5,10]",9.455258319576,-155.8677806,NA,NA,20.08135114,3068.8,37.5,NA,1,50,NA,1,30,NA,1,20,NA,1,50,NA,1
"33","Hawaii",588109,"(10,15]",11.056913349432,-155.8662509,NA,NA,20.07951759,2361.3,45,NA,1,40,NA,1,37.5,NA,1,22.5,NA,1,60,NA,1
"34","Hawaii",589050,"(5,10]",8.92526946744,-155.8654489,NA,NA,20.07741916,2605,52.5,NA,1,40,NA,1,35,NA,1,25,NA,1,60,NA,1
"35","Hawaii",589992,"(5,10]",7.777740941064,-155.8642419,NA,NA,20.0752913,2925,37.5,NA,1,40,NA,1,32.5,NA,1,27.5,NA,1,60,NA,1
"36","Hawaii",590933,"(10,15]",14.0208,-155.86452,NA,NA,20.07392,20,NA,NA,2,48.7,3.95979797464467,2,19.35,2.33345237791561,2,32.35,6.29325035256027,2,51.7,3.95979797464467,2
"37","Hawaii",590934,"(5,10]",9.31250025,-155.8622059,NA,NA,20.0740523,2502.7,27.5,NA,1,37.5,NA,1,30,NA,1,32.5,NA,1,62.5,NA,1
"38","Hawaii",590935,"(5,10]",7.474409281536,-155.8602932,NA,NA,20.0734044,2227.2,32.5,NA,1,37.5,NA,1,30,NA,1,32.5,NA,1,62.5,NA,1
"39","Hawaii",591876,"(5,10]",9.357285964848,-155.8589616,NA,NA,20.07199025,2208.4,37.5,NA,1,27.5,NA,1,40,NA,1,32.5,NA,1,72.5,NA,1
"40","Hawaii",592818,"(5,10]",8.98646309664,-155.8566049,NA,NA,20.069126925,4037.6,26.25,1.76776695296637,2,40,7.07106781186548,2,33.75,1.76776695296637,2,26.25,8.83883476483184,2,60,7.07106781186548,2
"41","Hawaii",593760,"(5,10]",8.943800237592,-155.8551998,NA,NA,20.06681232,2269.1,27.5,NA,1,42.5,NA,1,20,NA,1,37.5,NA,1,57.5,NA,1
"42","Hawaii",594701,"(10,15]",10.102857418584,-155.8540553,NA,NA,20.06517358,2179.5,25,NA,1,40,NA,1,20,NA,1,40,NA,1,60,NA,1
"43","Hawaii",594702,"(10,15]",10.738136660088,-155.852935,NA,NA,20.06378652,1956.7,25,NA,1,45,NA,1,17.5,NA,1,37.5,NA,1,55,NA,1
"44","Hawaii",595643,"(5,10]",8.57269587744,-155.8518307,NA,NA,20.06240877,2076.9,25,NA,1,40,NA,1,15,NA,1,45,NA,1,60,NA,1
"45","Hawaii",596585,"(10,15]",10.789909387632,-155.8504326,NA,NA,20.06125439,2017.4,27.5,NA,1,37.5,NA,1,25,NA,1,37.5,NA,1,62.5,NA,1
"46","Hawaii",596586,"(10,15]",13.716,-155.8487678,NA,NA,20.05939339,30,NA,NA,1,25.43151943,NA,1,39.37263923,NA,1,35.19584133,NA,1,74.57,NA,1
"47","Hawaii",596586,"(5,10]",7.211227381812,-155.8486755,NA,NA,20.059967095,1924.1,32.5,NA,2,24.039805465,8.428987945779,2,33.298995575,11.7365520962393,2,42.66119896,3.3075641504603,2,75.96,8.42871283174365,2
"48","Hawaii",597527,"(5,10]",8.391500220528,-155.8476224,NA,NA,20.05888954,2367.1,32.5,NA,1,27.5,NA,1,27.5,NA,1,45,NA,1,72.5,NA,1
"49","Hawaii",597528,"(5,10]",8.892650237784,-155.8460193,NA,NA,20.05752677,2181.8,30,NA,1,42.5,NA,1,20,NA,1,37.5,NA,1,57.5,NA,1
"50","Hawaii",600353,"(5,10]",8.8392,-155.84073,NA,NA,20.05033,20,NA,NA,1,36.88,NA,1,17.02,NA,1,46.1,NA,1,63.12,NA,1
"51","Hawaii",606942,"(10,15]",13.716,-155.8371419,NA,NA,20.03566884,30,NA,NA,1,16.52844232,NA,1,37.57398547,NA,1,45.89757221,NA,1,83.47,NA,1
"52","Hawaii",606942,"(5,10]",6.096,-155.8366193,NA,NA,20.03571024,30,NA,NA,1,8.573521059,NA,1,36.48372343,NA,1,54.94275551,NA,1,91.43,NA,1
"53","Hawaii",613531,"(10,15]",13.716,-155.8312052,NA,NA,20.02040296,30,NA,NA,1,23.66495303,NA,1,48.50065055,NA,1,27.83439642,NA,1,76.34,NA,1
"54","Hawaii",613532,"(5,10]",6.096,-155.8299388,NA,NA,20.02049558,30,NA,NA,1,8.867117098,NA,1,39.90206144,NA,1,51.23082146,NA,1,91.13,NA,1
"55","Hawaii",621060,"(5,10]",6.096,-155.8289395,NA,NA,20.00066668,30,NA,NA,1,44.32562879,NA,1,24.09248305,NA,1,31.58188816,NA,1,55.67,NA,1
"56","Hawaii",622001,"(10,15]",13.716,-155.8309239,NA,NA,19.99986654,30,NA,NA,1,50.52872566,NA,1,11.34567187,NA,1,38.12560247,NA,1,49.47,NA,1
"57","Hawaii",622942,"(10,15]",10.032524864304,-155.8303229,NA,NA,19.99700278,2521.4,22.5,NA,1,47.5,NA,1,20,NA,1,32.5,NA,1,52.5,NA,1
"58","Hawaii",623883,"(10,15]",10.196574049032,-155.8297931,NA,NA,19.99488087,2371.4,12.5,NA,1,45,NA,1,20,NA,1,35,NA,1,55,NA,1
"59","Hawaii",624824,"(5,10]",9.933410106984,-155.829342,NA,NA,19.99293391,2373.8,10,NA,1,50,NA,1,20,NA,1,30,NA,1,50,NA,1
"60","Hawaii",625765,"(5,10]",8.804000233728,-155.8294424,NA,NA,19.99070497,2612.5,4,NA,1,50,NA,1,25,NA,1,25,NA,1,50,NA,1
"61","Hawaii",626705,"(5,10]",9.273819919944,-155.8324528,NA,NA,19.98756679,2423.4,10,NA,1,50,NA,1,20,NA,1,30,NA,1,50,NA,1
"62","Hawaii",626706,"(5,10]",7.457196911592,-155.831079,NA,NA,19.98902551,2600.5,22.5,NA,1,40,NA,1,20,NA,1,40,NA,1,60,NA,1
"63","Hawaii",627645,"(10,15]",13.716,-155.8338009,NA,NA,19.98668592,30,NA,NA,1,22.12907476,NA,1,47.27942114,NA,1,30.5915041,NA,1,77.87,NA,1
"64","Hawaii",627646,"(5,10]",7.931787017652,-155.83261135,NA,NA,19.986025525,2371.8,7.5,NA,2,24.8867787855,24.9088563186234,2,38.00506005,25.463000114052,2,37.108161165,0.554143794721476,2,75.115,24.9113719012021,2
"65","Hawaii",628587,"(5,10]",8.462098584792,-155.8324161,NA,NA,19.98371739,2557.8,12.5,NA,1,40,NA,1,20,NA,1,40,NA,1,60,NA,1
"66","Hawaii",629527,"(5,10]",9.981377321184,-155.833697,NA,NA,19.98181564,2449.6,15,NA,1,45,NA,1,20,NA,1,35,NA,1,55,NA,1
"67","Hawaii",630468,"(5,10]",9.201933580608,-155.8348392,NA,NA,19.98016085,2542.9,17.5,NA,1,45,NA,1,22.5,NA,1,32.5,NA,1,55,NA,1
"68","Hawaii",634226,"(10,15]",10.0584,-155.8488447,NA,NA,19.9700090275,60,NA,NA,4,37.52729885,15.6360814222163,4,25.2742474,8.15965528922395,4,37.19845375,7.96183416244165,4,62.4725,15.6357397756976,4
"69","Hawaii",634226,"(5,10]",6.096,-155.8487844,NA,NA,19.96988347,30,NA,NA,1,16.05417529,NA,1,48.87853692,NA,1,35.06728778,NA,1,83.95,NA,1
"70","Hawaii",639866,"(10,15]",11.613918353784,-155.8620023,NA,NA,19.95677019,2955.8,10,NA,1,62.5,NA,1,15,NA,1,22.5,NA,1,37.5,NA,1
"71","Hawaii",640806,"(10,15]",10.424754382104,-155.8631856,NA,NA,19.95472304,2448.5,20,NA,1,65,NA,1,20,NA,1,15,NA,1,35,NA,1
"72","Hawaii",641746,"(10,15]",13.716,-155.8663579,NA,NA,19.95298522,30,NA,NA,1,9.135293627,NA,1,59.94862752,NA,1,30.91607886,NA,1,90.86,NA,1
"73","Hawaii",641746,"(5,10]",7.487041101456,-155.8662952,NA,NA,19.95183124,2626.4,45,NA,2,29.928321755,17.7790378758698,2,45.62818903,7.95946125782548,2,24.443489215,9.81957661804431,2,70.07,17.7766644790298,2
"74","Hawaii",641747,"(5,10]",8.085295293696,-155.8647374,NA,NA,19.95293604,2699.3,40,NA,1,55,NA,1,32.5,NA,1,12.5,NA,1,45,NA,1
"75","Hawaii",642685,"(5,10]",9.439852712592,-155.8709932,NA,NA,19.94906047,2741.9,22.5,NA,1,60,NA,1,15,NA,1,25,NA,1,40,NA,1
"76","Hawaii",642686,"(5,10]",5.243049299256,-155.8690296,NA,NA,19.95066081,2719.6,35,NA,1,50,NA,1,30,NA,1,20,NA,1,50,NA,1
"77","Hawaii",643625,"(10,15]",13.764738093792,-155.8724717,NA,NA,19.9468605,3067.6,22.5,NA,1,62.5,NA,1,12.5,NA,1,25,NA,1,37.5,NA,1
"78","Hawaii",644565,"(10,15]",10.984852762032,-155.8744117,NA,NA,19.94502034,2788.6,10,NA,1,70,NA,1,17.5,NA,1,12.5,NA,1,30,NA,1
"79","Hawaii",645504,"(10,15]",11.503300319496,-155.8786541,NA,NA,19.94242233,2392.5,15,NA,1,55,NA,1,22.5,NA,1,22.5,NA,1,45,NA,1
"80","Hawaii",645505,"(10,15]",11.10088555308,-155.8768665,NA,NA,19.94402149,2840.1,15,NA,1,45,NA,1,35,NA,1,20,NA,1,55,NA,1
"81","Hawaii",649266,"(10,15]",13.716,-155.8847849,NA,NA,19.93513369,30,NA,NA,1,21.22490642,NA,1,42.01473804,NA,1,36.76035554,NA,1,78.78,NA,1
"82","Hawaii",649266,"(5,10]",6.096,-155.8842603,NA,NA,19.93455534,30,NA,NA,1,29.24374235,NA,1,49.76213401,NA,1,20.99412364,NA,1,70.76,NA,1
"83","Hawaii",657728,"(10,15]",13.716,-155.9006093,NA,NA,19.9140211,30,NA,NA,1,29.93256529,NA,1,39.45425393,NA,1,30.61318078,NA,1,70.07,NA,1
"84","Hawaii",657728,"(5,10]",6.096,-155.898741,NA,NA,19.91363838,30,NA,NA,1,17.97801748,NA,1,47.27517627,NA,1,34.74680625,NA,1,82.02,NA,1
"85","Hawaii",661490,"(5,10]",8.159934638448,-155.9041022,NA,NA,19.90437051,2216.9,37.5,NA,1,57.5,NA,1,15,NA,1,27.5,NA,1,42.5,NA,1
"86","Hawaii",661491,"(10,15]",10.1484429012,-155.9026697,NA,NA,19.90580181,2221.6,25,NA,1,67.5,NA,1,17.5,NA,1,15,NA,1,32.5,NA,1
"87","Hawaii",662430,"(10,15]",10.183639623288,-155.9066979,NA,NA,19.90164513,2000.8,32.5,NA,1,55,NA,1,17.5,NA,1,27.5,NA,1,45,NA,1
"88","Hawaii",662430,"(5,10]",9.623705176992,-155.9055015,NA,NA,19.90302612,1998.9,27.5,NA,1,60,NA,1,15,NA,1,25,NA,1,40,NA,1
"89","Hawaii",663371,"(5,10]",8.614000227648,-155.9076631,NA,NA,19.90009049,2007.7,37.5,NA,1,60,NA,1,15,NA,1,25,NA,1,40,NA,1
"90","Hawaii",664310,"(10,15]",10.504967500824,-155.9102088,NA,NA,19.89749162,1985.8,20,NA,1,55,NA,1,17.5,NA,1,27.5,NA,1,45,NA,1
"91","Hawaii",664311,"(5,10]",8.835487007556,-155.90938585,NA,NA,19.8985061,2074.3,35,NA,2,58.19,0.975807358037437,2,18.62,1.58391918985787,2,23.19,2.5597265478953,2,41.81,0.975807358037437,2
"92","Hawaii",665251,"(10,15]",12.944836435656,-155.9105071,NA,NA,19.89560433,2355.4,10,NA,1,60,NA,1,15,NA,1,25,NA,1,40,NA,1
"93","Hawaii",666193,"(10,15]",11.514541300824,-155.9092941,NA,NA,19.89411043,2109.4,15,NA,1,57.5,NA,1,15,NA,1,27.5,NA,1,42.5,NA,1
"94","Hawaii",666193,"(5,10]",9.513266922888,-155.908256,NA,NA,19.892585,2244.4,15,NA,1,55,NA,1,25,NA,1,20,NA,1,45,NA,1
"95","Hawaii",667133,"(10,15]",13.716,-155.9100545,NA,NA,19.89112342,30,NA,NA,1,58.47140618,NA,1,24.45718375,NA,1,17.07141006,NA,1,41.53,NA,1
"96","Hawaii",667134,"(5,10]",6.096,-155.9079331,NA,NA,19.89079074,30,NA,NA,1,37.16815098,NA,1,32.40033927,NA,1,30.43150975,NA,1,62.83,NA,1
"97","Hawaii",674656,"(10,15]",13.716,-155.9220196,NA,NA,19.87313644,30,NA,NA,1,51.0060696,NA,1,14.14528078,NA,1,34.84864963,NA,1,48.99,NA,1
"98","Hawaii",674656,"(5,10]",6.096,-155.922528,NA,NA,19.87344406,30,NA,NA,1,54.30129037,NA,1,16.50478801,NA,1,29.19392162,NA,1,45.7,NA,1
"99","Hawaii",676537,"(5,10]",9.7536,-155.92432,NA,NA,19.86904,14,NA,NA,1,55.97,NA,1,10.92,NA,1,33.11,NA,1,44.03,NA,1
"100","Hawaii",679358,"(5,10]",8.745721544088,-155.9294926,NA,NA,19.86131942,2211.2,25,NA,1,70,NA,1,12.5,NA,1,17.5,NA,1,30,NA,1
"101","Hawaii",679359,"(10,15]",10.9728,-155.92772,NA,NA,19.86232,10.5,NA,NA,1,50.38,NA,1,30.08,NA,1,19.55,NA,1,49.62,NA,1
"102","Hawaii",679359,"(5,10]",9.880606824732,-155.9270966,NA,NA,19.862370855,4702.4,21.25,8.83883476483184,2,68.75,5.30330085889911,2,16.25,1.76776695296637,2,15,3.53553390593274,2,31.25,5.30330085889911,2
"103","Hawaii",680297,"(5,10]",9.274196969736,-155.9333024,NA,NA,19.85869352,2441.5,17.5,NA,1,77.5,NA,1,10,NA,1,12.5,NA,1,22.5,NA,1
"104","Hawaii",680298,"(5,10]",9.06075433998,-155.93157135,NA,NA,19.86024307,3991.5,22.5,3.53553390593274,2,66.25,5.30330085889911,2,16.25,1.76776695296637,2,17.5,3.53553390593274,2,33.75,5.30330085889911,2
"105","Hawaii",681238,"(5,10]",9.384541235712,-155.9339986,NA,NA,19.85733512,2508,20,NA,1,75,NA,1,10,NA,1,15,NA,1,25,NA,1
"106","Hawaii",682173,"(10,15]",10.3632,-155.94743,NA,NA,19.85507,15.3,NA,NA,1,76.22,NA,1,12.94,NA,1,10.84,NA,1,23.78,NA,1
"107","Hawaii",682178,"(5,10]",6.096,-155.9347955,NA,NA,19.8552772,30,NA,NA,1,58.16212849,NA,1,23.04191977,NA,1,18.79595174,NA,1,41.84,NA,1
"108","Hawaii",682179,"(10,15]",13.716,-155.9341545,NA,NA,19.85513547,30,NA,NA,1,40.78677007,NA,1,28.15006297,NA,1,31.06316696,NA,1,59.21,NA,1
"109","Hawaii",682179,"(5,10]",9.79119698628,-155.9344936,NA,NA,19.85575138,2134.5,20,NA,1,72.5,NA,1,17.5,NA,1,10,NA,1,27.5,NA,1
"110","Hawaii",683106,"(5,10]",9.966492074856,-155.9654226,NA,NA,19.8522618,2204.7,30,NA,1,57.5,NA,1,12.5,NA,1,30,NA,1,42.5,NA,1
"111","Hawaii",683107,"(5,10]",9.191639591544,-155.963485,NA,NA,19.85279399,2171.4,57.5,NA,1,60,NA,1,15,NA,1,25,NA,1,40,NA,1
"112","Hawaii",683108,"(5,10]",8.59181989812,-155.9615629,NA,NA,19.85318413,2144.7,57.5,NA,1,67.5,NA,1,15,NA,1,17.5,NA,1,32.5,NA,1
"113","Hawaii",683109,"(10,15]",13.716,-155.9582648,NA,NA,19.85339941,30,NA,NA,1,44.78797261,NA,1,36.15442349,NA,1,19.0576039,NA,1,55.21,NA,1
"114","Hawaii",683109,"(5,10]",6.096,-155.9584434,NA,NA,19.85392772,30,NA,NA,1,59.66462166,NA,1,19.11943183,NA,1,21.21594652,NA,1,40.34,NA,1
"115","Hawaii",683119,"(10,15]",10.28031585564,-155.93519775,NA,NA,19.853182575,4081.2,8.75,12.3743686707646,2,77.5,31.8198051533946,2,11.25,15.9099025766973,2,11.25,15.9099025766973,2,22.5,31.8198051533946,2
"116","Hawaii",684045,"(5,10]",7.98970020828,-155.9694246,NA,NA,19.85029959,2419.3,47.5,NA,1,67.5,NA,1,12.5,NA,1,20,NA,1,32.5,NA,1
"117","Hawaii",684046,"(5,10]",9.345705168096,-155.9672981,NA,NA,19.85113605,2420.7,52.5,NA,1,50,NA,1,20,NA,1,30,NA,1,50,NA,1
"118","Hawaii",686863,"(10,15]",13.716,-155.9806157,NA,NA,19.84373583,30,NA,NA,1,44.82741742,NA,1,24.04194942,NA,1,31.13063317,NA,1,55.17,NA,1
"119","Hawaii",686863,"(5,10]",6.096,-155.9809445,NA,NA,19.84395342,30,NA,NA,1,62.05544053,NA,1,16.28364389,NA,1,21.66091557,NA,1,37.94,NA,1
"120","Hawaii",690619,"(5,10]",6.096,-155.9980364,NA,NA,19.83444801,30,NA,NA,1,56.19168222,NA,1,10.98578786,NA,1,32.82252992,NA,1,43.81,NA,1
"121","Hawaii",690620,"(10,15]",13.716,-155.9976033,NA,NA,19.83415037,30,NA,NA,1,52.3761354,NA,1,19.94682466,NA,1,27.67703994,NA,1,47.62,NA,1
"122","Hawaii",700025,"(10,15]",13.716,-156.0070387,NA,NA,19.81315588,30,NA,NA,1,50.50710949,NA,1,20.64454012,NA,1,28.84835039,NA,1,49.49,NA,1
"123","Hawaii",700025,"(5,10]",6.096,-156.0076166,NA,NA,19.81344681,30,NA,NA,1,55.53933313,NA,1,23.98360288,NA,1,20.47706399,NA,1,44.46,NA,1
"124","Hawaii",706603,"(10,15]",13.716,-156.0277422,NA,NA,19.79631848,30,NA,NA,1,39.01560624,NA,1,27.40696279,NA,1,33.57743097,NA,1,60.98,NA,1
"125","Hawaii",706603,"(5,10]",6.096,-156.0281404,NA,NA,19.79669374,30,NA,NA,1,57.22630231,NA,1,21.72932993,NA,1,21.04436777,NA,1,42.77,NA,1
"126","Hawaii",708482,"(5,10]",5.651000132832,-156.0348566,NA,NA,19.79225709,2396.5,15,NA,1,57.5,NA,1,17.5,NA,1,25,NA,1,42.5,NA,1
"127","Hawaii",708483,"(5,10]",5.93023823628,-156.0335707,NA,NA,19.79278746,749.2,30,NA,1,55,NA,1,20,NA,1,25,NA,1,45,NA,1
"128","Hawaii",709421,"(5,10]",6.54057393204,-156.0389541,NA,NA,19.78954994,2646.9,4,NA,1,32.5,NA,1,7.5,NA,1,60,NA,1,67.5,NA,1
"129","Hawaii",709422,"(5,10]",7.626278883816,-156.0368077,NA,NA,19.79085447,2820.4,0.1,NA,1,5,NA,1,0,NA,1,95,NA,1,95,NA,1
"130","Hawaii",710361,"(5,10]",6.278901792444,-156.0414228,NA,NA,19.787561565,5301.1,10,7.07106781186548,2,30,7.07106781186548,2,7.5,3.53553390593274,2,62.5,10.6066017177982,2,70,7.07106781186548,2
"131","Hawaii",711300,"(5,10]",7.91859036828,-156.046272,NA,NA,19.78525666,2389.7,12.5,NA,1,37.5,NA,1,12.5,NA,1,50,NA,1,62.5,NA,1
"132","Hawaii",711301,"(5,10]",7.535885439,-156.0439912,NA,NA,19.78581303,2741.3,17.5,NA,1,60,NA,1,10,NA,1,30,NA,1,40,NA,1
"133","Hawaii",712240,"(10,15]",13.716,-156.0475293,NA,NA,19.78396682,30,NA,NA,1,40.07029227,NA,1,26.39289678,NA,1,33.53681095,NA,1,59.93,NA,1
"134","Hawaii",712240,"(5,10]",7.739155863672,-156.04786015,NA,NA,19.784079505,2498.3,37.5,NA,2,51.76614572,4.57336058151428,2,10.238937835,3.8734430327538,2,37.994916445,0.69991754876048,2,48.235,4.57498087427696,2
"135","Hawaii",713181,"(5,10]",9.631083592512,-156.0479701,NA,NA,19.78204249,2278.2,12.5,NA,1,57.5,NA,1,10,NA,1,32.5,NA,1,42.5,NA,1
"136","Hawaii",716003,"(5,10]",8.427778909464,-156.05072405,NA,NA,19.77463776,4148,52.5,3.53553390593274,2,56.25,1.76776695296637,2,23.75,1.76776695296637,2,20,0,2,43.75,1.76776695296637,2
"137","Hawaii",716944,"(5,10]",7.955828075364,-156.05121995,NA,NA,19.771829165,4132.3,40,14.142135623731,2,53.75,1.76776695296637,2,21.25,1.76776695296637,2,25,0,2,46.25,1.76776695296637,2
"138","Hawaii",717885,"(5,10]",7.960032994056,-156.0503223,NA,NA,19.76920987,2124.3,15,NA,1,60,NA,1,20,NA,1,20,NA,1,40,NA,1
"139","Hawaii",718826,"(5,10]",8.911229745456,-156.0510049,NA,NA,19.76753093,2107.4,10,NA,1,62.5,NA,1,17.5,NA,1,20,NA,1,37.5,NA,1
"140","Hawaii",719767,"(10,15]",10.02145928928,-156.0504038,NA,NA,19.76589198,2009.3,2.6,NA,1,40,NA,1,20,NA,1,40,NA,1,60,NA,1
"141","Hawaii",719767,"(5,10]",9.834656004264,-156.0505948,NA,NA,19.76419593,1983,3,NA,1,52.5,NA,1,12.5,NA,1,35,NA,1,47.5,NA,1
"142","Hawaii",720708,"(5,10]",8.524131374112,-156.0515311,NA,NA,19.76282718,1980.7,32.5,NA,1,55,NA,1,12.5,NA,1,32.5,NA,1,45,NA,1
"143","Hawaii",721648,"(5,10]",6.676516832112,-156.0518393,NA,NA,19.76108796,2092.8,25,NA,1,70,NA,1,12.5,NA,1,17.5,NA,1,30,NA,1
"144","Hawaii",722590,"(10,15]",11.391377366304,-156.0505692,NA,NA,19.75933499,2146.6,15,NA,1,45,NA,1,30,NA,1,25,NA,1,55,NA,1
"145","Hawaii",722590,"(5,10]",9.056262537432,-156.0506459,NA,NA,19.75763092,2079.6,20,NA,1,47.5,NA,1,25,NA,1,27.5,NA,1,52.5,NA,1
"146","Hawaii",723531,"(10,15]",10.508065861404,-156.0514469,NA,NA,19.756646905,5067.8,25,3.53553390593274,2,38.75,5.30330085889911,2,32.5,10.6066017177982,2,28.75,5.30330085889911,2,61.25,5.30330085889911,2
"147","Hawaii",724472,"(10,15]",10.100508471288,-156.0509614,NA,NA,19.7546991,1883.6,3.5,NA,1,35,NA,1,37.5,NA,1,27.5,NA,1,65,NA,1
"148","Hawaii",724472,"(5,10]",9.981246174888,-156.051119,NA,NA,19.75317539,1906.8,5,NA,1,40,NA,1,30,NA,1,30,NA,1,60,NA,1
"149","Hawaii",725413,"(5,10]",9.175442870064,-156.0515137,NA,NA,19.75188275,2022.4,37.5,NA,1,42.5,NA,1,35,NA,1,22.5,NA,1,57.5,NA,1
"150","Hawaii",726352,"(5,10]",9.485050254912,-156.0546375,NA,NA,19.74853696,1877.8,32.5,NA,1,37.5,NA,1,25,NA,1,37.5,NA,1,62.5,NA,1
"151","Hawaii",726353,"(10,15]",11.297672443224,-156.0519513,NA,NA,19.75039263,1981,25,NA,1,30,NA,1,32.5,NA,1,37.5,NA,1,70,NA,1
"152","Hawaii",726353,"(5,10]",9.721426492344,-156.0533308,NA,NA,19.74957741,1938.7,35,NA,1,47.5,NA,1,40,NA,1,12.5,NA,1,52.5,NA,1
"153","Hawaii",730116,"(10,15]",11.5824,-156.05568,NA,NA,19.74012,13.1,NA,NA,1,43.22,NA,1,20.6,NA,1,36.18,NA,1,56.78,NA,1
"154","Hawaii",731999,"(5,10]",7.62,-156.05386,NA,NA,19.73598,6.5,NA,NA,1,59.21,NA,1,21.05,NA,1,19.74,NA,1,40.79,NA,1
"155","Hawaii",732937,"(10,15]",10.668,-156.05896,NA,NA,19.73266,4.8,NA,NA,1,59.65,NA,1,16.67,NA,1,23.68,NA,1,40.35,NA,1
"156","Hawaii",759298,"(10,15]",12.192,-156.030145175,NA,NA,19.6710988825,60,NA,NA,4,47.0875673075,13.1205024660912,4,33.6173582125,7.28607663516505,4,24.47007448,6.60543249255155,4,58.0875,11.9214355259759,4
"157","Hawaii",759298,"(5,10]",6.096,-156.0303344,NA,NA,19.67098346,30,NA,NA,1,38.88907248,NA,1,26.05878681,NA,1,35.05214071,NA,1,61.11,NA,1
"158","Hawaii",775312,"(10,15]",10.9728,-155.993,NA,NA,19.6312,30,NA,NA,3,33.6333333333333,18.5995519659301,3,28.6666666666667,12.1079863451085,3,39.5,10.4455732250557,3,68.1666666666667,19.5985543684562,3
"159","Hawaii",801670,"(10,15]",12.192,-155.96935,NA,NA,19.56838,30,NA,NA,3,54.8666666666667,4.31895048979881,3,23.2333333333333,5.85348898805946,3,22.9,0.953939201416945,3,46.1333333333333,4.91663841799794,3
"160","Hawaii",801670,"(5,10]",6.096,-155.9693345,NA,NA,19.56838343,30,NA,NA,1,38.30683023,NA,1,32.47554142,NA,1,29.21762835,NA,1,61.69,NA,1
"161","Hawaii",839326,"(5,10]",7.9248,-155.93278,NA,NA,19.4793,30,NA,NA,3,50.8,4.4977772288098,3,27,8.1504601097116,3,23.8,6.2745517768204,3,50.8,5.33572862878164,3
"162","Hawaii",885451,"(10,15]",10.9728,-155.8974,NA,NA,19.36915,30,NA,NA,3,49.1666666666667,5.78734251045619,3,29.8333333333333,3.75410886008029,3,21.0333333333333,9.08973780333258,3,50.8666666666667,5.76223336331785,3
"163","Hawaii",969193,"(10,15]",14.0208,-155.91325,NA,NA,19.1673,30,NA,NA,3,39.5666666666667,16.676130646326,3,40.1,12.3850716590579,3,22.1666666666667,6.84202699010559,3,62.2666666666667,17.6534227087365,3
"164","Lanai",255503,"(10,15]",10.483000287456,-156.8405412,NA,NA,20.87505837,2603.4,92.5,NA,1,74,NA,1,20,NA,1,6,NA,1,26,NA,1
"165","Lanai",256445,"(5,10]",9.42304787244,-156.838938,NA,NA,20.87314579,2778.6,92.5,NA,1,67,NA,1,20,NA,1,13,NA,1,33,NA,1
"166","Lanai",257387,"(10,15]",10.337136647256,-156.8370376,NA,NA,20.87155338,2566,92.5,NA,1,78.5,NA,1,17.5,NA,1,4,NA,1,21.5,NA,1
"167","Lanai",257387,"(5,10]",9.372095489712,-156.8353115,NA,NA,20.86981889,2796.6,92.5,NA,1,70,NA,1,22.5,NA,1,7.5,NA,1,30,NA,1
"168","Lanai",258329,"(5,10]",8.445100221024,-156.8336751,NA,NA,20.86789616,2664.9,92.5,NA,1,62.5,NA,1,30,NA,1,7.5,NA,1,37.5,NA,1
"169","Lanai",259271,"(5,10]",8.468894960328,-156.8319007,NA,NA,20.86619522,2730.9,92.5,NA,1,55,NA,1,32.5,NA,1,12.5,NA,1,45,NA,1
"170","Lanai",260213,"(5,10]",7.63357914252,-156.8302665,NA,NA,20.86422004,2784.2,82.5,NA,1,52.5,NA,1,35,NA,1,12.5,NA,1,47.5,NA,1
"171","Lanai",261154,"(5,10]",6.784666836792,-156.8287243,NA,NA,20.8622813,2783.4,77.5,NA,1,42.5,NA,1,42.5,NA,1,15,NA,1,57.5,NA,1
"172","Lanai",262096,"[0,5]",4.4209474615224,-156.8276121,NA,NA,20.85995604,2809.3,67.5,NA,1,40,NA,1,40,NA,1,20,NA,1,60,NA,1
"173","Lanai",262097,"(5,10]",9.4488,-156.82567,NA,NA,20.8597,0,NA,NA,1,88.51,NA,1,9.46,NA,1,2.03,NA,1,11.49,NA,1
"174","Lanai",263038,"[0,5]",4.77531589284,-156.8260955,NA,NA,20.85806608,2532,60,NA,1,30,NA,1,42.5,NA,1,27.5,NA,1,70,NA,1
"175","Lanai",263039,"(5,10]",8.250875217552,-156.8225516,NA,NA,20.85636898,1737.8,85,NA,1,88,NA,1,6.5,NA,1,5.5,NA,1,12,NA,1
"176","Lanai",263981,"(5,10]",6.529589093964,-156.82108275,NA,NA,20.854602565,3375.4,83.75,1.76776695296637,2,84,4.24264068711928,2,9.75,3.88908729652601,2,6.25,0.353553390593274,2,16,4.24264068711928,2
"177","Lanai",264923,"(10,15]",10.251421708704,-156.81858935,NA,NA,20.85227752,3696.3,85,10.6066017177982,2,90,2.12132034355964,2,3.25,0.353553390593274,2,6.75,1.76776695296637,2,10,2.12132034355964,2
"178","Lanai",264923,"(5,10]",7.168272907272,-156.8193464,NA,NA,20.85290556,1843.8,82.5,NA,1,81.5,NA,1,9.5,NA,1,9,NA,1,18.5,NA,1
"179","Lanai",265864,"(5,10]",8.721377280864,-156.8179077,NA,NA,20.85125253,2182.1,92.5,NA,1,88,NA,1,6,NA,1,6,NA,1,12,NA,1
"180","Lanai",265865,"(5,10]",9.745639609272,-156.8167122,NA,NA,20.84963125,2233,90,NA,1,91,NA,1,3.5,NA,1,5.5,NA,1,9,NA,1
"181","Lanai",266806,"(5,10]",9.928475678448,-156.8156423,NA,NA,20.84792218,2211.4,92.5,NA,1,88,NA,1,6,NA,1,6,NA,1,12,NA,1
"182","Lanai",267747,"(5,10]",7.120639525272,-156.815069,NA,NA,20.8460765,2143.2,92.5,NA,1,88,NA,1,3.5,NA,1,8.5,NA,1,12,NA,1
"183","Lanai",267748,"(10,15]",10.0584,-156.814,NA,NA,20.846,0,NA,NA,1,77.14,NA,1,2.86,NA,1,20,NA,1,22.86,NA,1
"184","Lanai",281868,"(10,15]",14.0208,-156.80301,NA,NA,20.81291,0,NA,NA,1,63.93,NA,1,6.56,NA,1,29.51,NA,1,36.07,NA,1
"185","Lanai",284690,"(10,15]",11.8872,-156.80415,NA,NA,20.80447,0,NA,NA,1,68.82,NA,1,6.08,NA,1,25.1,NA,1,31.18,NA,1
"186","Lanai",284690,"(5,10]",8.494750223832,-156.8044387,NA,NA,20.80548434,1941.2,60,NA,1,86,NA,1,10,NA,1,4,NA,1,14,NA,1
"187","Lanai",286571,"(5,10]",9.635639605752,-156.8067994,NA,NA,20.80035263,2148.5,62.5,NA,1,77.5,NA,1,12.5,NA,1,10,NA,1,22.5,NA,1
"188","Lanai",286572,"(5,10]",9.95655764616,-156.8058072,NA,NA,20.80198236,2125.4,72.5,NA,1,85,NA,1,10,NA,1,5,NA,1,15,NA,1
"189","Lanai",287512,"(5,10]",9.6882789498,-156.8076631,NA,NA,20.79873287,1909.4,50,NA,1,80,NA,1,7.5,NA,1,12.5,NA,1,20,NA,1
"190","Lanai",288452,"(10,15]",10.06390191204,-156.8088508,NA,NA,20.79581399,1828.7,77.5,NA,1,77.5,NA,1,10,NA,1,12.5,NA,1,22.5,NA,1
"191","Lanai",288453,"(10,15]",10.144983884496,-156.8081476,NA,NA,20.79723412,1672.7,57.5,NA,1,62.5,NA,1,17.5,NA,1,20,NA,1,37.5,NA,1
"192","Lanai",289393,"(5,10]",9.471246158568,-156.8096358,NA,NA,20.79436252,1813,72.5,NA,1,80,NA,1,10,NA,1,10,NA,1,20,NA,1
"193","Lanai",290333,"(5,10]",9.791008462908,-156.8111197,NA,NA,20.79195631,4570.8,65,7.07106781186548,2,71.25,8.83883476483184,2,12.5,3.53553390593274,2,16.25,5.30330085889911,2,28.75,8.83883476483184,2
"194","Lanai",295034,"(10,15]",10.119885521688,-156.8208872,NA,NA,20.78019019,2189.6,22.5,NA,1,57.5,NA,1,27.5,NA,1,15,NA,1,42.5,NA,1
"195","Lanai",295034,"(5,10]",8.837166902472,-156.8197491,NA,NA,20.78166144,1900.4,45,NA,1,75,NA,1,15,NA,1,10,NA,1,25,NA,1
"196","Lanai",295974,"(5,10]",9.19822975464,-156.8220866,NA,NA,20.77861143,2177.9,35,NA,1,60,NA,1,27.5,NA,1,12.5,NA,1,40,NA,1
"197","Lanai",296915,"(5,10]",9.28218877392,-156.82332405,NA,NA,20.77602392,4273.8,52.5,10.6066017177982,2,66.25,1.76776695296637,2,25,0,2,8.75,1.76776695296637,2,33.75,1.76776695296637,2
"198","Lanai",297855,"(5,10]",9.410344515576,-156.8245988,NA,NA,20.77360023,2024.2,52.5,NA,1,77.5,NA,1,12.5,NA,1,10,NA,1,22.5,NA,1
"199","Lanai",298796,"(5,10]",9.672033594432,-156.8257362,NA,NA,20.77163798,4336,32.5,7.07106781186548,2,76.25,12.3743686707646,2,11.25,5.30330085889911,2,12.5,7.07106781186548,2,23.75,12.3743686707646,2
"200","Lanai",299736,"(10,15]",10.632983900112,-156.8264829,NA,NA,20.76942917,2180.2,40,NA,1,87.5,NA,1,5,NA,1,7.5,NA,1,12.5,NA,1
"201","Lanai",299736,"(5,10]",9.137877294192,-156.82669255,NA,NA,20.769478,4077.6,45,3.53553390593274,2,84,5.65685424949238,2,5.75,2.47487373415292,2,10.25,3.18198051533946,2,16,5.65685424949238,2
"202","Lanai",300677,"(10,15]",10.0988035542,-156.8272878,NA,NA,20.76774318,2061.1,42.5,NA,1,87.5,NA,1,7.5,NA,1,5,NA,1,12.5,NA,1
"203","Lanai",300677,"(5,10]",8.990377289472,-156.82810735,NA,NA,20.76678723,3913.4,56.25,22.9809703885628,2,82.25,0.353553390593274,2,7,0.707106781186548,2,10.75,1.06066017177982,2,17.75,0.353553390593274,2
"204","Lanai",301616,"(10,15]",10.713262590456,-156.831091,NA,NA,20.76398858,2249.2,22.5,NA,1,72.5,NA,1,5,NA,1,22.5,NA,1,27.5,NA,1
"205","Lanai",301617,"(5,10]",9.59411501316,-156.8295967,NA,NA,20.76516068,2080.9,45,NA,1,67.5,NA,1,12.5,NA,1,20,NA,1,32.5,NA,1
"206","Lanai",302557,"(5,10]",9.836951087304,-156.8326005,NA,NA,20.76275266,2376.3,25,NA,1,72.5,NA,1,22.5,NA,1,5,NA,1,27.5,NA,1
"207","Lanai",303496,"(5,10]",9.249180576792,-156.8353447,NA,NA,20.75995105,2232.9,35,NA,1,67.5,NA,1,27.5,NA,1,5,NA,1,32.5,NA,1
"208","Lanai",303497,"(10,15]",10.61859045468,-156.833889,NA,NA,20.76121486,2086.1,30,NA,1,75,NA,1,10,NA,1,15,NA,1,25,NA,1
"209","Lanai",304437,"(5,10]",8.270475625392,-156.8373705,NA,NA,20.75929541,2547.3,32.5,NA,1,72.5,NA,1,5,NA,1,22.5,NA,1,27.5,NA,1
"210","Lanai",305375,"(10,15]",11.5824,-156.84244,NA,NA,20.75623,16.85,NA,NA,1,65.42,NA,1,11.21,NA,1,23.36,NA,1,34.58,NA,1
"211","Lanai",306308,"(5,10]",8.180616882072,-156.8601057,NA,NA,20.75280992,1499,0.6,NA,1,50,NA,1,20,NA,1,30,NA,1,50,NA,1
"212","Lanai",307247,"(5,10]",8.847049414584,-156.8658043,NA,NA,20.75043034,1684.5,35,NA,1,62.5,NA,1,15,NA,1,22.5,NA,1,37.5,NA,1
"213","Lanai",307248,"(5,10]",9.680254359804,-156.8637295,NA,NA,20.7512611,3241.2,0.05,0.0707106781186548,2,65,49.4974746830583,2,0,0,2,35,49.4974746830583,2,35,49.4974746830583,2
"214","Lanai",307249,"(5,10]",8.036049388632,-156.8616217,NA,NA,20.75238686,1912.4,0.6,NA,1,40,NA,1,15,NA,1,45,NA,1,60,NA,1
"215","Lanai",308187,"(5,10]",9.17359040844,-156.8670686,NA,NA,20.74935895,1901.6,55,NA,1,67.5,NA,1,22.5,NA,1,10,NA,1,32.5,NA,1
"216","Lanai",309127,"(5,10]",8.081049390072,-156.8699493,NA,NA,20.7468717,2110,62.5,NA,1,60,NA,1,30,NA,1,10,NA,1,40,NA,1
"217","Lanai",309128,"(5,10]",9.252475656816,-156.8684601,NA,NA,20.74812757,2124.8,70,NA,1,65,NA,1,22.5,NA,1,12.5,NA,1,35,NA,1
"218","Lanai",310067,"(5,10]",9.630819932892,-156.8723457,NA,NA,20.74532084,4145.7,1,1.4142135623731,2,77.5,31.8198051533946,2,15,21.2132034355964,2,7.5,10.6066017177982,2,22.5,31.8198051533946,2
"219","Lanai",311946,"(10,15]",10.3632,-156.87962,NA,NA,20.74078,15,NA,NA,1,34.16,NA,1,15.64,NA,1,50.21,NA,1,65.84,NA,1
"220","Lanai",313798,"(10,15]",10.331065857264,-156.9461511,NA,NA,20.73493709,2533,27.5,NA,1,70,NA,1,15,NA,1,15,NA,1,30,NA,1
"221","Lanai",313799,"(5,10]",7.725901837224,-156.9445316,NA,NA,20.73470331,2546.7,10,NA,1,57.5,NA,1,25,NA,1,17.5,NA,1,42.5,NA,1
"222","Lanai",313801,"(10,15]",10.096246178568,-156.9393176,NA,NA,20.73473204,2260.8,22.5,NA,1,55,NA,1,22.5,NA,1,22.5,NA,1,45,NA,1
"223","Lanai",313802,"(5,10]",9.92911502388,-156.9375937,NA,NA,20.73526101,2219,5,NA,1,62.5,NA,1,17.5,NA,1,20,NA,1,37.5,NA,1
"224","Lanai",313810,"(5,10]",9.28533631398,-156.9195587,NA,NA,20.736237715,3998.4,28.75,19.4454364826301,2,46.25,22.9809703885628,2,25,7.07106781186548,2,28.75,15.9099025766973,2,53.75,22.9809703885628,2
"225","Lanai",313811,"(5,10]",7.809049381368,-156.9170703,NA,NA,20.73688642,1932.8,17.5,NA,1,45,NA,1,20,NA,1,35,NA,1,55,NA,1
"226","Lanai",313812,"(5,10]",9.43442648316,-156.9152258,NA,NA,20.73667723,2030.6,17.5,NA,1,57.5,NA,1,15,NA,1,27.5,NA,1,42.5,NA,1
"227","Lanai",313813,"(5,10]",9.04508220978,-156.9129477,NA,NA,20.73620107,3741.3,20,3.53553390593274,2,57.5,0,2,17.5,3.53553390593274,2,25,3.53553390593274,2,42.5,0,2
"228","Lanai",313814,"(5,10]",8.99841007554,-156.91122515,NA,NA,20.73583708,4047.5,21.25,5.30330085889911,2,60,0,2,16.25,1.76776695296637,2,23.75,1.76776695296637,2,40,0,2
"229","Lanai",313815,"(5,10]",7.759066866144,-156.9090598,NA,NA,20.7358349,2378.6,15,NA,1,45,NA,1,20,NA,1,35,NA,1,55,NA,1
"230","Lanai",314735,"(5,10]",8.884803515352,-156.9551783,NA,NA,20.73249862,2651,27.5,NA,1,70,NA,1,15,NA,1,15,NA,1,30,NA,1
"231","Lanai",314736,"(5,10]",9.84208223376,-156.9529876,NA,NA,20.73327973,2328.6,22.5,NA,1,60,NA,1,20,NA,1,20,NA,1,40,NA,1
"232","Lanai",314737,"(10,15]",11.278819984104,-156.95086,NA,NA,20.73331565,2420.4,22.5,NA,1,65,NA,1,17.5,NA,1,17.5,NA,1,35,NA,1
"233","Lanai",314738,"(10,15]",11.650557703416,-156.9488779,NA,NA,20.73409835,2284.9,32.5,NA,1,70,NA,1,20,NA,1,10,NA,1,30,NA,1
"234","Lanai",314738,"(5,10]",7.720606757136,-156.9495357,NA,NA,20.73414858,2206.1,40,NA,1,70,NA,1,15,NA,1,15,NA,1,30,NA,1
"235","Lanai",314739,"(10,15]",10.809541281312,-156.946698,NA,NA,20.7343479,2303.5,25,NA,1,65,NA,1,22.5,NA,1,12.5,NA,1,35,NA,1
"236","Lanai",314739,"(5,10]",8.203344476952,-156.9476549,NA,NA,20.73451471,2236.2,50,NA,1,65,NA,1,20,NA,1,15,NA,1,35,NA,1
"237","Lanai",314740,"(5,10]",9.9355248612,-156.9446562,NA,NA,20.73462425,2248.4,22.5,NA,1,65,NA,1,25,NA,1,10,NA,1,35,NA,1
"238","Lanai",314741,"(10,15]",11.679541306104,-156.9425901,NA,NA,20.73448048,2144.6,25,NA,1,55,NA,1,25,NA,1,20,NA,1,45,NA,1
"239","Lanai",314741,"(5,10]",8.569221536916,-156.9419034,NA,NA,20.73455445,5461.9,8.75,1.76776695296637,2,48.75,22.9809703885628,2,16.25,5.30330085889911,2,35,28.2842712474619,2,51.25,22.9809703885628,2
"240","Lanai",314742,"(5,10]",9.482233588968,-156.9406868,NA,NA,20.73427873,2134,25,NA,1,62.5,NA,1,22.5,NA,1,15,NA,1,37.5,NA,1
"241","Lanai",314743,"(5,10]",9.764492068392,-156.9366158,NA,NA,20.73431012,2357.7,10,NA,1,52.5,NA,1,22.5,NA,1,25,NA,1,47.5,NA,1
"242","Lanai",314744,"(5,10]",7.172550180912,-156.9348437,NA,NA,20.73372268,2713.5,15,NA,1,47.5,NA,1,12.5,NA,1,40,NA,1,52.5,NA,1
"243","Lanai",314750,"(5,10]",8.0277543054,-156.9213834,NA,NA,20.73444196,2349.4,32.5,NA,1,67.5,NA,1,20,NA,1,12.5,NA,1,32.5,NA,1
"244","Lanai",314756,"(10,15]",10.9728,-156.90825,NA,NA,20.73451,10,NA,NA,1,82.13,NA,1,5.11,NA,1,12.77,NA,1,17.87,NA,1
"245","Lanai",314763,"(5,10]",9.144,-156.89285,NA,NA,20.73276,9.7,NA,NA,1,46.43,NA,1,26.79,NA,1,26.79,NA,1,53.57,NA,1
"246","Lanai",315674,"(10,15]",10.700459311008,-156.9595403,NA,NA,20.73108755,2618.5,32.5,NA,1,62.5,NA,1,25,NA,1,12.5,NA,1,37.5,NA,1
"247","Lanai",315675,"(10,15]",11.25641014932,-156.957466,NA,NA,20.73220208,2564.6,22.5,NA,1,65,NA,1,20,NA,1,15,NA,1,35,NA,1
"248","Maui",217931,"(5,10]",9.12853357704,-156.687467,NA,NA,20.96552952,6449.6,0.6,NA,1,72.3,NA,1,20.1,NA,1,7.6,NA,1,27.7,NA,1
"249","Maui",218872,"(5,10]",8.380182039456,-156.6877664,NA,NA,20.96355297,6854.8,2.5,NA,1,54.9,NA,1,40.1,NA,1,5,NA,1,45.1,NA,1
"250","Maui",219813,"(5,10]",9.022975448304,-156.6881665,NA,NA,20.96151792,6866.1,1.5,NA,1,49.8,NA,1,45.1,NA,1,5.1,NA,1,50.2,NA,1
"251","Maui",220754,"(5,10]",8.051744013072,-156.6881126,NA,NA,20.95949023,6932.2,10.5,NA,1,54.5,NA,1,5.5,NA,1,40,NA,1,45.5,NA,1
"252","Maui",221694,"(5,10]",7.77669441636,-156.6895807,NA,NA,20.95596685,6395.1,37.5,NA,1,86,NA,1,5,NA,1,9,NA,1,14,NA,1
"253","Maui",221695,"(5,10]",7.443686139528,-156.6883569,NA,NA,20.95757149,6901.6,25,NA,1,73.5,NA,1,15,NA,1,11.5,NA,1,26.5,NA,1
"254","Maui",222634,"(5,10]",7.873983674664,-156.6917231,NA,NA,20.95310323,6996.3,37.5,NA,1,87.5,NA,1,7.5,NA,1,5,NA,1,12.5,NA,1
"255","Maui",222635,"(5,10]",7.688206809744,-156.6906869,NA,NA,20.95462143,5174.8,0.6,NA,1,94.4,NA,1,0.6,NA,1,5,NA,1,5.6,NA,1
"256","Maui",223575,"(5,10]",7.72468614852,-156.6928085,NA,NA,20.95152511,5496.1,55,NA,1,88.5,NA,1,7.5,NA,1,4,NA,1,11.5,NA,1
"257","Maui",224513,"(10,15]",10.3632,-156.69955,NA,NA,20.94925,15,NA,NA,1,56.38,NA,1,10.07,NA,1,33.56,NA,1,43.62,NA,1
"258","Maui",224515,"(5,10]",6.441753495696,-156.6938447,NA,NA,20.949363285,9297.9,51.25,12.3743686707646,2,83.5,3.53553390593274,2,10.75,1.06066017177982,2,5.75,2.47487373415292,2,16.5,3.53553390593274,2
"259","Maui",225456,"(5,10]",7.446950602392,-156.694527,NA,NA,20.94720436,6738.1,17.5,NA,1,78.5,NA,1,11.5,NA,1,10,NA,1,21.5,NA,1
"260","Maui",226397,"(5,10]",6.654438180816,-156.6942995,NA,NA,20.94533064,6653.8,20,NA,1,65,NA,1,20,NA,1,15,NA,1,35,NA,1
"261","Maui",227338,"(5,10]",6.092942295936,-156.6936627,NA,NA,20.94348232,6543,2,NA,1,55,NA,1,17.5,NA,1,27.5,NA,1,45,NA,1
"262","Maui",228279,"(5,10]",5.128892677176,-156.6934653,NA,NA,20.94142651,7242.8,4,NA,1,60,NA,1,25,NA,1,15,NA,1,40,NA,1
"263","Maui",229220,"(5,10]",5.315578635528,-156.6936967,NA,NA,20.93913709,8025.2,45,NA,1,70,NA,1,15,NA,1,15,NA,1,30,NA,1
"264","Maui",230161,"(5,10]",8.6247109728,-156.6940965,NA,NA,20.93669335,8405.7,2.5,NA,1,80,NA,1,10,NA,1,10,NA,1,20,NA,1
"265","Maui",231102,"(5,10]",7.52074399608,-156.6940007,NA,NA,20.93428055,8063,0,NA,1,100,NA,1,0,NA,1,0,NA,1,0,NA,1
"266","Maui",232043,"(5,10]",5.87971088496,-156.6940258,NA,NA,20.93195381,7737.8,0.1,NA,1,50,NA,1,50,NA,1,0,NA,1,50,NA,1
"267","Maui",232984,"(5,10]",6.209533483632,-156.6951183,NA,NA,20.92988071,8094,0,NA,1,100,NA,1,0,NA,1,0,NA,1,0,NA,1
"268","Maui",238629,"[0,5]",3.7670083365864,-156.6973831,NA,NA,20.91514446,7229.9,32.5,NA,1,50,NA,1,25,NA,1,25,NA,1,50,NA,1
"269","Maui",239570,"(5,10]",9.7536,-156.69682,NA,NA,20.91294,20,NA,NA,1,44.75,NA,1,11.28,NA,1,43.97,NA,1,55.25,NA,1
"270","Maui",239570,"[0,5]",3.416140557348,-156.6959642,NA,NA,20.9133906,7441.1,37.5,NA,1,50,NA,1,25,NA,1,25,NA,1,50,NA,1
"271","Maui",240512,"(10,15]",10.3632,-156.69501,NA,NA,20.91035,15,NA,NA,1,46.19,NA,1,15.74,NA,1,38.07,NA,1,53.81,NA,1
"272","Maui",240512,"[0,5]",4.2226860370656,-156.6942132,NA,NA,20.91193191,7274.3,27.5,NA,1,45,NA,1,30,NA,1,25,NA,1,55,NA,1
"273","Maui",240513,"[0,5]",4.574099271144,-156.6927799,NA,NA,20.9103519,7256.7,35,NA,1,35,NA,1,35,NA,1,30,NA,1,65,NA,1
"274","Maui",241454,"(5,10]",8.619008490936,-156.6916792,NA,NA,20.90921045,6631.5,5,NA,1,65,NA,1,20,NA,1,15,NA,1,35,NA,1
"275","Maui",241455,"(5,10]",6.34914064968,-156.6901313,NA,NA,20.90900809,6171.9,1.5,NA,1,70,NA,1,15,NA,1,15,NA,1,30,NA,1
"276","Maui",242397,"[0,5]",4.97419845672,-156.6886814,NA,NA,20.9078794,8077,12.5,NA,1,40,NA,1,30,NA,1,30,NA,1,60,NA,1
"277","Maui",243338,"[0,5]",4.3123471971384,-156.6875528,NA,NA,20.90575348,7706.8,27.5,NA,1,35,NA,1,35,NA,1,30,NA,1,65,NA,1
"278","Maui",243339,"[0,5]",4.9807439148,-156.6864335,NA,NA,20.9036219,8154.2,3,NA,1,35,NA,1,35,NA,1,30,NA,1,65,NA,1
"279","Maui",244280,"[0,5]",4.927766776152,-156.6857984,NA,NA,20.90128719,8151.7,10,NA,1,40,NA,1,32.5,NA,1,27.5,NA,1,60,NA,1
"280","Maui",251806,"(10,15]",10.3632,-156.69002,NA,NA,20.88515,15,NA,NA,1,33.67,NA,1,17.09,NA,1,49.25,NA,1,66.33,NA,1
"281","Maui",252746,"(5,10]",9.7536,-156.69148,NA,NA,20.88262,16,NA,NA,1,48.15,NA,1,18.52,NA,1,33.33,NA,1,51.85,NA,1
"282","Maui",281003,"(5,10]",9.4488,-156.63087,NA,NA,20.81472,15,NA,NA,1,35.42,NA,1,10.42,NA,1,54.17,NA,1,64.58,NA,1
"283","Maui",283829,"(5,10]",9.264869099136,-156.6246654,NA,NA,20.80740913,2475.8,40,NA,1,32.5,NA,1,37.5,NA,1,30,NA,1,67.5,NA,1
"284","Maui",284771,"(5,10]",9.757770755952,-156.623292,NA,NA,20.80568458,2407.3,47.5,NA,1,45,NA,1,32.5,NA,1,22.5,NA,1,55,NA,1
"285","Maui",284771,"[0,5]",4.912950929736,-156.6213643,NA,NA,20.80499469,2308.1,35,NA,1,22.5,NA,1,40,NA,1,37.5,NA,1,77.5,NA,1
"286","Maui",284775,"(5,10]",6.19224605364,-156.6131975,NA,NA,20.80456681,1999,17.5,NA,1,45,NA,1,35,NA,1,20,NA,1,55,NA,1
"287","Maui",284776,"(5,10]",6.594770654736,-156.6116846,NA,NA,20.80522263,2044.9,25,NA,1,52.5,NA,1,25,NA,1,22.5,NA,1,47.5,NA,1
"288","Maui",284777,"(5,10]",6.023065719408,-156.60888795,NA,NA,20.805701515,4653.3,26.25,12.3743686707646,2,37.5,3.53553390593274,2,35,0,2,27.5,3.53553390593274,2,62.5,3.53553390593274,2
"289","Maui",284778,"(5,10]",9.979383603048,-156.6067865,NA,NA,20.80464296,2538.9,60,NA,1,50,NA,1,30,NA,1,20,NA,1,50,NA,1
"290","Maui",284779,"(5,10]",5.043583445712,-156.6054328,NA,NA,20.80584553,2500.9,50,NA,1,30,NA,1,45,NA,1,25,NA,1,70,NA,1
"291","Maui",285712,"(5,10]",9.673737965928,-156.6218276,NA,NA,20.80422689,2222.2,55,NA,1,50,NA,1,30,NA,1,20,NA,1,50,NA,1
"292","Maui",285713,"(5,10]",8.468213339136,-156.6199406,NA,NA,20.80307365,2473.4,70,NA,1,67.5,NA,1,20,NA,1,12.5,NA,1,32.5,NA,1
"293","Maui",285713,"[0,5]",4.58593452408,-156.6196479,NA,NA,20.80376629,2310.4,35,NA,1,35,NA,1,30,NA,1,35,NA,1,65,NA,1
"294","Maui",285714,"(5,10]",6.702213282624,-156.6183726,NA,NA,20.80259062,2008.4,30,NA,1,35,NA,1,42.5,NA,1,22.5,NA,1,65,NA,1
"295","Maui",285715,"(5,10]",6.296647694976,-156.61566815,NA,NA,20.803526765,4400,23.75,5.30330085889911,2,37.5,3.53553390593274,2,42.5,3.53553390593274,2,20,7.07106781186548,2,62.5,3.53553390593274,2
"296","Maui",285716,"(10,15]",10.50473799252,-156.6137225,NA,NA,20.80241226,2585.3,62.5,NA,1,62.5,NA,1,25,NA,1,12.5,NA,1,37.5,NA,1
"297","Maui",285717,"(10,15]",10.66978717728,-156.6112765,NA,NA,20.80295826,2862.2,62.5,NA,1,60,NA,1,25,NA,1,15,NA,1,40,NA,1
"298","Maui",285718,"(10,15]",11.131967520888,-156.6091166,NA,NA,20.80430304,2599.7,62.5,NA,1,52.5,NA,1,30,NA,1,17.5,NA,1,47.5,NA,1
"299","Maui",285719,"(10,15]",11.2776,-156.6062,NA,NA,20.80405,15,NA,NA,1,46.01,NA,1,15.96,NA,1,38.03,NA,1,53.99,NA,1
"300","Maui",285721,"(5,10]",7.0836723099,-156.6013882,NA,NA,20.803639685,4960.2,50,35.3553390593274,2,48.75,1.76776695296637,2,32.5,3.53553390593274,2,18.75,1.76776695296637,2,51.25,1.76776695296637,2
"301","Maui",285722,"[0,5]",4.85937715728,-156.5997932,NA,NA,20.80298887,2382,65,NA,1,57.5,NA,1,25,NA,1,17.5,NA,1,42.5,NA,1
"302","Maui",286655,"(10,15]",10.534246192584,-156.6182311,NA,NA,20.80207324,2451.5,75,NA,1,65,NA,1,25,NA,1,10,NA,1,35,NA,1
"303","Maui",286656,"(5,10]",9.845065841712,-156.6159322,NA,NA,20.80167151,2502.6,72.5,NA,1,60,NA,1,30,NA,1,10,NA,1,40,NA,1
"304","Maui",286663,"(5,10]",8.795033020776,-156.5991188,NA,NA,20.80185584,2626.1,5.1,NA,1,22.5,NA,1,27.5,NA,1,50,NA,1,77.5,NA,1
"305","Maui",286664,"(5,10]",7.324262480484,-156.5973322,NA,NA,20.801373725,5077.1,52.5,21.2132034355964,2,38.75,12.3743686707646,2,38.75,15.9099025766973,2,22.5,3.53553390593274,2,61.25,12.3743686707646,2
"306","Maui",286665,"(5,10]",6.105295230336,-156.59595,NA,NA,20.80116105,2160.5,62.5,NA,1,47.5,NA,1,27.5,NA,1,25,NA,1,52.5,NA,1
"307","Maui",286666,"[0,5]",4.977557486832,-156.5941816,NA,NA,20.80005827,2293.8,50,NA,1,50,NA,1,27.5,NA,1,22.5,NA,1,50,NA,1
"308","Maui",287606,"(5,10]",8.368869070464,-156.5947256,NA,NA,20.79936905,2545.8,30,NA,1,25,NA,1,45,NA,1,30,NA,1,75,NA,1
"309","Maui",287607,"(5,10]",8.081344473048,-156.5929568,NA,NA,20.7978396,2490,12.5,NA,1,37.5,NA,1,37.5,NA,1,25,NA,1,62.5,NA,1
"310","Maui",287607,"[0,5]",4.3653935348352,-156.5923753,NA,NA,20.79874033,2532.2,45,NA,1,52.5,NA,1,27.5,NA,1,20,NA,1,47.5,NA,1
"311","Maui",288549,"(5,10]",9.4758363216,-156.5918106,NA,NA,20.79613377,2001.6,20,NA,1,25,NA,1,40,NA,1,35,NA,1,75,NA,1
"312","Maui",288549,"[0,5]",2.9669836538856,-156.5905092,NA,NA,20.79739005,2526.7,67.5,NA,1,47.5,NA,1,35,NA,1,17.5,NA,1,52.5,NA,1
"313","Maui",289490,"(5,10]",9.939901908072,-156.5903043,NA,NA,20.79502955,2072.6,12.5,NA,1,45,NA,1,32.5,NA,1,22.5,NA,1,55,NA,1
"314","Maui",289491,"(5,10]",5.369901761832,-156.5886213,NA,NA,20.7945332033333,6663.3,45,28.1735691739616,3,43.3333333333333,13.7689263682153,3,30.8333333333333,12.3322071557906,3,25.8333333333333,1.44337567297406,3,56.6666666666667,13.7689263682153,3
"315","Maui",290433,"(10,15]",10.324483042896,-156.5864472,NA,NA,20.79207378,1293,15,NA,1,30,NA,1,45,NA,1,25,NA,1,70,NA,1
"316","Maui",290433,"(5,10]",7.548688035696,-156.5868299,NA,NA,20.79302624,3478.7,32.5,35.3553390593274,2,50,3.53553390593274,2,30,3.53553390593274,2,20,0,2,50,3.53553390593274,2
"317","Maui",308366,"(5,10]",8.114098573656,-156.4637661,NA,NA,20.74943018,1817.4,52.5,NA,1,67.5,NA,1,20,NA,1,12.5,NA,1,32.5,NA,1
"318","Maui",309308,"(5,10]",8.227795298256,-156.4628941,NA,NA,20.74710198,3995.4,0.05,0.0707106781186548,2,92.5,10.6066017177982,2,3.75,5.30330085889911,2,3.75,5.30330085889911,2,7.5,10.6066017177982,2
"319","Maui",310250,"(5,10]",5.467916794656,-156.4613597,NA,NA,20.74510435,1931.1,0.1,NA,1,40,NA,1,0,NA,1,60,NA,1,60,NA,1
"320","Maui",312132,"[0,5]",3.679360725852,-156.4597465,NA,NA,20.74053642,1877.5,15,NA,1,45,NA,1,40,NA,1,15,NA,1,55,NA,1
"321","Maui",313073,"[0,5]",3.3048935007468,-156.45964245,NA,NA,20.738042045,4106.6,22.5,0,2,50,3.53553390593274,2,31.25,1.76776695296637,2,18.75,1.76776695296637,2,50,3.53553390593274,2
"322","Maui",314014,"[0,5]",3.37500006,-156.4599677,NA,NA,20.73539758,2012.9,25,NA,1,52.5,NA,1,32.5,NA,1,15,NA,1,47.5,NA,1
"323","Maui",314955,"[0,5]",3.2369016944904,-156.4592921,NA,NA,20.73386052,2089.9,20,NA,1,52.5,NA,1,32.5,NA,1,15,NA,1,47.5,NA,1
"324","Maui",315896,"(5,10]",8.8392,-156.46085,NA,NA,20.73229,15,NA,NA,1,62.73,NA,1,11.52,NA,1,25.76,NA,1,37.27,NA,1
"325","Maui",315897,"[0,5]",3.8904099125412,-156.4583819,NA,NA,20.731352135,3961.3,22.5,0,2,56.25,1.76776695296637,2,20,0,2,23.75,1.76776695296637,2,43.75,1.76776695296637,2
"326","Maui",316838,"[0,5]",4.0894590988464,-156.4570041,NA,NA,20.72918935,1913.1,10,NA,1,52.5,NA,1,27.5,NA,1,20,NA,1,47.5,NA,1
"327","Maui",316839,"[0,5]",4.1852623809504,-156.4557119,NA,NA,20.72798015,2012.2,20,NA,1,65,NA,1,20,NA,1,15,NA,1,35,NA,1
"328","Maui",317781,"[0,5]",4.99220011236,-156.4541442,NA,NA,20.72706982,2053.1,9,NA,1,55,NA,1,30,NA,1,15,NA,1,45,NA,1
"329","Maui",323429,"(5,10]",9.144,-156.44888,NA,NA,20.71268,11.3,NA,NA,1,47.62,NA,1,19.73,NA,1,32.65,NA,1,52.38,NA,1
"330","Maui",361072,"(5,10]",6.146049328152,-156.441507,NA,NA,20.62249651,2356.2,15,NA,1,91,NA,1,5,NA,1,4,NA,1,9,NA,1
"331","Maui",362014,"(5,10]",5.467491930888,-156.4408229,NA,NA,20.62066836,2431.7,27.5,NA,1,91,NA,1,5,NA,1,4,NA,1,9,NA,1
"332","Maui",362955,"(5,10]",5.9165083374,-156.4398122,NA,NA,20.61891219,2335.7,37.5,NA,1,87.5,NA,1,7.5,NA,1,5,NA,1,12.5,NA,1
"333","Maui",363897,"(5,10]",7.3378440393,-156.4387891,NA,NA,20.616250255,4450.9,37.5,7.07106781186548,2,93,0,2,4,1.4142135623731,2,3,1.4142135623731,2,7,0,2
"334","Maui",369541,"(5,10]",8.028885454776,-156.4417096,NA,NA,20.60398025,2954.8,5,NA,1,93,NA,1,4,NA,1,3,NA,1,7,NA,1
"335","Maui",369542,"(5,10]",9.820901904264,-156.4395768,NA,NA,20.60353113,2079.7,10,NA,1,91.5,NA,1,5.5,NA,1,3,NA,1,8.5,NA,1
"336","Maui",369543,"(5,10]",8.266229724816,-156.4380731,NA,NA,20.60250458,2449.5,12.5,NA,1,94,NA,1,3,NA,1,3,NA,1,6,NA,1
"337","Maui",370484,"(5,10]",7.366000187712,-156.4382275,NA,NA,20.60016259,2981,25,NA,1,94,NA,1,3,NA,1,3,NA,1,6,NA,1
"338","Maui",371425,"(5,10]",9.021574011432,-156.4376197,NA,NA,20.59821597,2373,12.5,NA,1,92,NA,1,5,NA,1,3,NA,1,8,NA,1
"339","Maui",371426,"(5,10]",8.916090401724,-156.43536485,NA,NA,20.597696355,3665.4,13.75,1.76776695296637,2,91.25,4.59619407771256,2,6.5,4.94974746830583,2,2.25,0.353553390593274,2,8.75,4.59619407771256,2
"340","Maui",372368,"(5,10]",8.793688758288,-156.4334593,NA,NA,20.59613099,1714.9,15,NA,1,94,NA,1,3,NA,1,3,NA,1,6,NA,1
"341","Maui",372369,"(5,10]",7.172426410776,-156.4321385,NA,NA,20.59587268,1695.3,12.5,NA,1,98,NA,1,1,NA,1,1,NA,1,2,NA,1
"342","Maui",373310,"(5,10]",9.090583575216,-156.4309857,NA,NA,20.59494953,1852.1,12.5,NA,1,98,NA,1,1,NA,1,1,NA,1,2,NA,1
"343","Oahu",51,"[0,5]",0.9144,-157.83292,21.4822673929961,-157.492022264468,21.48678,100,20,NA,1,NA,NA,1,40,NA,1,30,NA,1,70,NA,1
"344","Oahu",2873,"[0,5]",0.9144,-157.83472,21.3739648249027,-157.473994267021,21.47875,100,10,NA,1,NA,NA,1,20,NA,1,50,NA,1,70,NA,1
"345","Oahu",2874,"[0,5]",0.9144,-157.83458,21.3739648249027,-157.464980268298,21.47815,100,0,NA,1,NA,NA,1,10,NA,1,80,NA,1,90,NA,1
"346","Oahu",3813,"[0,5]",0.9144,-157.837795,21.3378639688716,-157.473994267021,21.47618,200,15,7.07106781186548,2,NA,NA,2,30,0,2,30,0,2,60,0,2
"347","Oahu",3815,"[0,5]",1.0668,-157.8330701,21.3378639688716,-157.455966269574,21.4764599,600,62.214,17.0220407446085,10,43.703,14.301982030474,10,42.571,11.7909329100326,10,13.726,12.8360587582188,10,56.297,14.301982030474,10
"348","Oahu",3816,"[0,5]",0.9144,-157.83164,21.3378639688716,-157.446952270851,21.47775,100,10,NA,1,NA,NA,1,30,NA,1,30,NA,1,60,NA,1
"349","Oahu",3818,"[0,5]",0.3048,-157.825861,21.3378639688716,-157.428924273404,21.476905,60,90.91,NA,1,68.89,NA,1,24.44,NA,1,6.67,NA,1,31.11,NA,1
"350","Oahu",3819,"[0,5]",1.6764,-157.8247619,21.3378639688716,-157.419910274681,21.4767815,17171.4,75.015392029,13.5846866827669,10,53.657454041,21.5604967247275,10,35.9919340954,16.2386898309858,10,10.3506119714,10.3380898115976,10,46.343,21.5594990923053,10
"351","Oahu",4768,"[0,5]",0.9144,-157.80656,21.3017631128405,-157.33878428617,21.47409,100,89,NA,1,NA,NA,1,5,NA,1,5,NA,1,10,NA,1
"352","Oahu",6642,"[0,5]",0.9144,-157.82484,21.2295614007782,-157.392868278511,21.47095,100,50,NA,1,NA,NA,1,20,NA,1,25,NA,1,45,NA,1
"353","Oahu",9469,"[0,5]",0.9144,-157.81608,21.1212588326848,-157.329770287447,21.46227,100,89,NA,1,NA,NA,1,5,NA,1,5,NA,1,10,NA,1
"354","Oahu",10407,"[0,5]",0.6096,-157.823029833333,21.0851579766537,-157.347798284894,21.460476,19014.8,71.53555801075,23.4890026329584,12,49.44134,21.0037032561308,12,40.6745454545455,13.1500816450974,12,12.3937716666667,8.6069343193939,12,49.6791666666667,20.2559640861798,12
"355","Oahu",10413,"[0,5]",0.9144,-157.8097,21.0851579766537,-157.293714292553,21.46063,1855,54.96834946,NA,1,97.77181244,NA,1,1.854758024,NA,1,0.332241803,NA,1,2.19,NA,1
"356","Oahu",10426,"[0,5]",0.9144,-157.77996,21.0851579766537,-157.176532309149,21.46101,200,72.5,3.53553390593274,2,NA,NA,2,7.5,3.53553390593274,2,10,0,2,17.5,3.53553390593274,2
"357","Oahu",13239,"[0,5]",0.9144,-157.8029,20.9768554085603,-157.239630300213,21.45377,100,80,NA,1,NA,NA,1,10,NA,1,5,NA,1,15,NA,1
"358","Oahu",14180,"[0,5]",0.3048,-157.8013,20.9407545525292,-157.230616301489,21.4524,120,70,16.7332005306815,6,60.1666666666667,10.2257844034904,6,35.6666666666667,8.16496580927726,6,3.83333333333333,7.22264956000682,6,39.8616666666667,10.0588973882164,6
"359","Oahu",14182,"[0,5]",1.3716,-157.7965,20.9407545525292,-157.212588304043,21.4515,26.5914,80.025980625,8.28353100386225,2,52.395389345,9.55290245366481,2,34.55324606,1.50260652035763,2,13.0513645965,8.05029593118587,2,47.605,9.55301261383026,2
"360","Oahu",15130,"[0,5]",0.9144,-157.78204,20.9046536964981,-157.140476314255,21.45067,100,90,NA,1,NA,NA,1,5,NA,1,5,NA,1,10,NA,1
"361","Oahu",16059,"[0,5]",0.9144,-157.808815,20.8685528404669,-157.239630300213,21.447355,200,55,21.2132034355964,2,NA,NA,2,15,7.07106781186548,2,30,14.142135623731,2,45,21.2132034355964,2
"362","Oahu",17006,"[0,5]",0.9144,-157.79416,20.8324519844358,-157.176532309149,21.44595,100,85,NA,1,NA,NA,1,5,NA,1,5,NA,1,10,NA,1
"363","Oahu",18884,"[0,5]",0.9144,-157.80513,20.7602502723735,-157.194560306596,21.44037,100,30,NA,1,NA,NA,1,25,NA,1,40,NA,1,65,NA,1
"364","Oahu",20771,"[0,5]",0.3048,-157.792064,20.6880485603113,-157.131462315532,21.435985,60,60.73,NA,1,42,NA,1,45.33,NA,1,12.67,NA,1,58,NA,1
"365","Oahu",20772,"[0,5]",1.8288,-157.791345222222,20.6880485603113,-157.122448316809,21.4358496666667,540,55.96,9.89858954599088,9,41.1933333333333,19.3902365895829,9,37.6911111111111,14.1465370713511,9,21.1155555555556,16.551584600206,9,58.8066666666667,19.3902365895829,9
"366","Oahu",21710,"[0,5]",1.3716,-157.7982,20.6519477042802,-157.140476314255,21.4339,27.6012,52.46582312,6.59050462248439,2,20.93069103,1.17660694556471,2,28.29591951,3.02379637261026,2,50.773389455,4.20040332524604,2,79.07,1.17379725676968,2
"367","Oahu",22654,"[0,5]",0.9144,-157.7898325,20.615846848249,-157.104420319362,21.4326265,200,20,28.2842712474619,2,NA,NA,2,17.5,10.6066017177982,2,20,7.07106781186548,2,37.5,17.6776695296637,2
"368","Oahu",23594,"[0,5]",0.9144,-157.79237,20.5797459922179,-157.104420319362,21.42998,100,25,NA,1,NA,NA,1,20,NA,1,50,NA,1,70,NA,1
"369","Oahu",24536,"[0,5]",0.3048,-157.790017142857,20.5436451361868,-157.086392321915,21.4269242857143,220,37.1428571428571,20.7880460155075,7,59.8333333333333,31.7327380896554,7,21.1428571428571,22.5715792641142,7,23.4285714285714,23.6773952878911,7,44.6057142857143,31.2315768932357,7
"370","Oahu",24545,"[0,5]",0.9144,-157.770425,20.5436451361868,-157.005266333404,21.427935,200,7.5,3.53553390593274,2,NA,NA,2,15,7.07106781186548,2,60,14.142135623731,2,75,7.07106781186548,2
"371","Oahu",37742,"[0,5]",2.4384,-157.71815,20.038233151751,-156.671748380638,21.39594,10,36.13232,NA,1,10.59603,NA,1,23.84106,NA,1,59.60265,NA,1,83.44,NA,1
"372","Oahu",37743,"[0,5]",2.4384,-157.71585,20.038233151751,-156.662734381915,21.39468,30,33.7992433333333,7.12972921626294,3,45.5602633333333,2.91609097350088,3,22.790815,13.1446584878254,3,27.8127626666667,13.5361747683053,3,50.6033333333333,2.2466048458359,3
"373","Oahu",38685,"[0,5]",2.4384,-157.71455,20.0021322957198,-156.644706384468,21.393405,60,32.509925,9.83687193285904,6,53.4938983333333,16.2106709894284,6,13.1979581666667,8.08671497072015,6,13.9454008333333,10.2531489493832,6,27.1433333333333,18.2153744585904,6
"374","Oahu",39626,"[0,5]",2.4384,-157.71367,19.9660314396887,-156.635692385745,21.39194,30,45.9806333333333,25.3495961566182,3,53.4163433333333,1.59978761441428,3,12.9752686666667,2.18486757507322,3,33.181039,3.94609717162413,3,46.1566666666667,1.80577776410425,3
"375","Oahu",76222,"(5,10]",7.025285890224,-157.9453328,NA,NA,21.30243529,2145.7,10,NA,1,87,NA,1,12.5,NA,1,0.5,NA,1,13,NA,1
"376","Oahu",76223,"(5,10]",5.95663650708,-157.9433772,NA,NA,21.30283312,2082.6,12.5,NA,1,87,NA,1,12.5,NA,1,0.5,NA,1,13,NA,1
"377","Oahu",76224,"(5,10]",6.802750169688,-157.9415035,NA,NA,21.30306893,1972.3,3,NA,1,89,NA,1,10.5,NA,1,0.5,NA,1,11,NA,1
"378","Oahu",76225,"[0,5]",4.3800455472888,-157.9397066,NA,NA,21.30296025,1903.9,7.5,NA,1,92,NA,1,7.5,NA,1,0.5,NA,1,8,NA,1
"379","Oahu",76226,"[0,5]",3.7296095952804,-157.9369207,NA,NA,21.302799675,4131.2,5.25,3.18198051533946,2,79.75,10.2530483272049,2,18.75,8.83883476483184,2,1.5,1.4142135623731,2,20.25,10.2530483272049,2
"380","Oahu",77163,"(5,10]",6.590643019608,-157.9472292,NA,NA,21.30184692,2068.3,22.5,NA,1,82,NA,1,17.5,NA,1,0.5,NA,1,18,NA,1
"381","Oahu",77168,"[0,5]",3.270047675544,-157.9344693,NA,NA,21.30168694,1808.6,5,NA,1,77.5,NA,1,20,NA,1,2.5,NA,1,22.5,NA,1
"382","Oahu",77169,"[0,5]",3.9248948146152,-157.9328947,NA,NA,21.30098834,1895.7,1.6,NA,1,80,NA,1,17.5,NA,1,2.5,NA,1,20,NA,1
"383","Oahu",77170,"[0,5]",3.3255238684776,-157.9312257,NA,NA,21.30050221,1941.1,5,NA,1,78.5,NA,1,20,NA,1,1.5,NA,1,21.5,NA,1
"384","Oahu",78112,"(5,10]",6.097684359096,-157.9269981,NA,NA,21.29810617,2085.9,32.5,NA,1,79.5,NA,1,17.5,NA,1,3,NA,1,20.5,NA,1
"385","Oahu",78112,"[0,5]",4.975684323192,-157.928193,NA,NA,21.29914673,2187.7,45,NA,1,75,NA,1,25,NA,1,0,NA,1,25,NA,1
"386","Oahu",78113,"(5,10]",5.164650118488,-157.9250136,NA,NA,21.2979507,2152,27.5,NA,1,80,NA,1,20,NA,1,0,NA,1,20,NA,1
"387","Oahu",79055,"(5,10]",5.257400121456,-157.9230394,NA,NA,21.29741412,2178.4,15,NA,1,84.5,NA,1,15,NA,1,0.5,NA,1,15.5,NA,1
"388","Oahu",79056,"(5,10]",5.569727404344,-157.9212742,NA,NA,21.29643965,2217.5,27.5,NA,1,86.5,NA,1,12.5,NA,1,1,NA,1,13.5,NA,1
"389","Oahu",79057,"(5,10]",5.840833471224,-157.9191543,NA,NA,21.29594343,2358.8,40,NA,1,85,NA,1,15,NA,1,0,NA,1,15,NA,1
"390","Oahu",79999,"(5,10]",6.72396313092,-157.9169955,NA,NA,21.29524312,2591.5,35,NA,1,84.9,NA,1,15,NA,1,0.1,NA,1,15.1,NA,1
"391","Oahu",80000,"(5,10]",6.070560146136,-157.9144355,NA,NA,21.29482253,2848.6,30,NA,1,89.5,NA,1,10,NA,1,0.5,NA,1,10.5,NA,1
"392","Oahu",80001,"(5,10]",5.5779566523,-157.9118577,NA,NA,21.29412745,4221.6,22.5,7.07106781186548,2,91,5.65685424949238,2,8.75,5.30330085889911,2,0.25,0.353553390593274,2,9,5.65685424949238,2
"393","Oahu",82847,"(5,10]",5.19229520112,-157.8598618,NA,NA,21.28778938,2199.3,7.5,NA,1,82,NA,1,15.5,NA,1,2.5,NA,1,18,NA,1
"394","Oahu",82848,"(5,10]",5.038786997088,-157.8579347,NA,NA,21.28693287,2363.5,10,NA,1,83,NA,1,15.5,NA,1,1.5,NA,1,17,NA,1
"395","Oahu",83790,"(5,10]",5.03495093364,-157.8560409,NA,NA,21.28591544,2264.9,5,NA,1,78,NA,1,20.5,NA,1,1.5,NA,1,22,NA,1
"396","Oahu",83791,"[0,5]",4.75495092468,-157.8541421,NA,NA,21.28522532,2258.6,6.5,NA,1,82,NA,1,18,NA,1,0,NA,1,18,NA,1
"397","Oahu",84732,"(5,10]",5.19313804932,-157.8530205,NA,NA,21.28405169,2084.8,10,NA,1,77,NA,1,20.5,NA,1,2.5,NA,1,23,NA,1
"398","Oahu",84733,"(5,10]",5.442666793848,-157.8506549,NA,NA,21.28303584,793.5,7.5,NA,1,76,NA,1,22.5,NA,1,1.5,NA,1,24,NA,1
"399","Oahu",84734,"(5,10]",5.423588359056,-157.8495694,NA,NA,21.28197728,2460.7,10,NA,1,80,NA,1,17.5,NA,1,2.5,NA,1,20,NA,1
"400","Oahu",85676,"(5,10]",7.12529429676,-157.8477449,NA,NA,21.28108472,1983.7,15,NA,1,78,NA,1,20,NA,1,2,NA,1,22,NA,1
"401","Oahu",85677,"(5,10]",5.932684353816,-157.8454928,NA,NA,21.27997104,3428.7,15,NA,1,82.5,NA,1,17.5,NA,1,0,NA,1,17.5,NA,1
"402","Oahu",86619,"[0,5]",4.3870589163456,-157.8434441,NA,NA,21.27826182,2292.6,10,NA,1,81,NA,1,15.5,NA,1,3.5,NA,1,19,NA,1
"403","Oahu",89507,"[0,5]",0.9144,-157.695673,NA,NA,21.2720765,200,22.835,1.43542676580869,2,NA,NA,2,19.545,0.643467170879758,2,56.78,1.97989898732233,2,76.325,1.33643181644258,2
"404","Oahu",89508,"[0,5]",0.9144,-157.6949575,NA,NA,21.272537,200,41.71,13.4915973850393,2,NA,NA,2,18.235,9.87828173317607,2,36.06,6.80236723501459,2,54.295,16.6806489681907,2
"405","Oahu",90448,"[0,5]",0.9144,-157.696793,NA,NA,21.26940775,400,37.08,14.503794905702,4,NA,NA,4,18.07,5.91324502000946,4,43.0825,16.6152969178004,4,61.155,15.1807740250621,4
"406","Oahu",95113,"(5,10]",5.2700417868,-157.7866947,NA,NA,21.25773202,2313.9,5,NA,1,70,NA,1,20,NA,1,10,NA,1,30,NA,1
"407","Oahu",96052,"(5,10]",6.997909266288,-157.7903794,NA,NA,21.25562942,2377.8,2.5,NA,1,78,NA,1,21.5,NA,1,0.5,NA,1,22,NA,1
"408","Oahu",96053,"[0,5]",4.939174022832,-157.788637,NA,NA,21.25681619,2245.1,6.5,NA,1,81,NA,1,17.5,NA,1,1.5,NA,1,19,NA,1
"409","Oahu",96990,"(5,10]",5.957077065,-157.7974109,NA,NA,21.25385227,2223.3,1,NA,1,87,NA,1,12.5,NA,1,0.5,NA,1,13,NA,1
"410","Oahu",96991,"(5,10]",5.150518636464,-157.7955564,NA,NA,21.25339629,2289,3.5,NA,1,79.5,NA,1,20,NA,1,0.5,NA,1,20.5,NA,1
"411","Oahu",96992,"(5,10]",5.920774336488,-157.793654,NA,NA,21.25359716,2231.3,5,NA,1,79.5,NA,1,20,NA,1,0.5,NA,1,20.5,NA,1
"412","Oahu",96993,"(5,10]",7.08676684524,-157.7916161,NA,NA,21.25382664,2344.5,3,NA,1,79.5,NA,1,20,NA,1,0.5,NA,1,20.5,NA,1
"413","Oahu",97928,"(5,10]",5.361837332952,-157.8032971,NA,NA,21.2518701,2146.8,2,NA,1,86,NA,1,12.5,NA,1,1.5,NA,1,14,NA,1
"414","Oahu",97929,"(5,10]",5.223807811704,-157.8011372,NA,NA,21.25223295,2469.9,4,NA,1,68.5,NA,1,25,NA,1,6.5,NA,1,31.5,NA,1
"415","Oahu",97930,"(5,10]",6.0374517582,-157.7990306,NA,NA,21.25256461,2310.6,3.5,NA,1,77,NA,1,20,NA,1,3,NA,1,23,NA,1
