"","Fishing_Aquarium_AnnAvg_NumHa","LBSP_AgGolf_runoff_01","LBSP_Urban_runoff_01","MarineDebris_State2015only","ShipBased_Shipping","TourRec_DirectHuman_10yrAvgPUD","OTP_MHI_Fishing_All_Combined_Total","OTP_MHI_Fishing_Commercial_Line","OTP_MHI_Fishing_Commercial_Net","OTP_MHI_Fishing_Commercial_Spear","OTP_MHI_Fishing_Commercial_Total","OTP_MHI_Fishing_NonCommercial_BoatBased_Line","OTP_MHI_Fishing_NonCommercial_BoatBased_Net","OTP_MHI_Fishing_NonCommercial_BoatBased_Spear","OTP_MHI_Fishing_NonCommercial_BoatBased_Total","OTP_MHI_Fishing_NonCommercial_ShoreBased_Line","OTP_MHI_Fishing_NonCommercial_ShoreBased_Net","OTP_MHI_Fishing_NonCommercial_ShoreBased_Spear","OTP_MHI_Fishing_NonCommercial_ShoreBased_Total","OTP_MHI_Fishing_NonCommercial_Total","OTP_MHI_HabitatModification","OTP_MHI_Invasive_Algae","OTP_MHI_Invasive_Fish","OTP_MHI_NewDevelopment","OTP_MHI_OSDS_NitrogenFlux","OTP_MHI_OSDS_PhosphorusFlux","OTP_MHI_OSDS_TotalEffluent","OTP_MHI_Sedimentation"
"1",3.1069016456604,0.000142411595835067,0.0213119793992997,1,2.43053793907166,1.70000004768372,13.4172175166025,0.0101675037294626,NA,0.00175284326542169,0.011920346878469,0.0537715011825064,0.0132235119390231,0.107877432681808,0.174872442089058,10.9210767745972,1.12853968143463,2.22793043976519,13.2303987234452,13.4052975413217,0,0,1,0.00426498460934132,12.9587497711182,3.53677678108215,56.5884284973145,6.90862966356586
"2",3.1069016456604,0.000142411595835067,0.0213119793992997,1,2.36233973503113,1.70000004768372,13.4172175166025,0.0101675037294626,NA,0.00175284326542169,0.011920346878469,0.0537715011825064,0.0132235119390231,0.107877432681808,0.174872442089058,10.9210767745972,1.12853968143463,2.22793043976519,13.2303987234452,13.4052975413217,0,0,1,0.00426498460934132,12.9587497711182,3.53677678108215,56.5884284973145,6.90862966356586
"3",3.1069016456604,0.000139530380522672,0.0208808017944029,2,5.28895616531372,1.39999997615814,2.18703784007376,0.0101675037294626,NA,0.00175284326542169,0.011920346878469,0.0553194645327353,0.0136042367370236,0.11098285099313,0.179906548694308,0.727980852127075,0.83389396490193,1.68975534435276,1.99505947281075,2.17511745717056,0,0,0.818372651377693,0.00398142719724768,15.7791806185333,4.30654521172799,68.9047233876479,4.84601603464209
"4",3.1069016456604,0.000142287820870431,0.0212934544349512,2,3.22477269172668,1.39999997615814,3.27064317837983,0.0101675037294626,NA,0.00175284326542169,0.011920346878469,0.0553947770184357,0.0136227809962101,0.111133648451105,0.1801512023571,0.727980852127075,0.761786101205974,2.35056174041924,3.07854261093269,3.25872272626191,0,0,0.818372651377693,0.00425362183941617,15.7791806185333,4.30654521172799,68.9047233876479,5.06062218062941
"5",3.1069016456604,0.000143071190398298,0.0214106873772565,1,8.57253646850586,1.29999995231628,8.03726575395249,0.0101675037294626,NA,0.00175284326542169,0.011920346878469,0.0569009312595276,0.0139931922200469,0.114155607818703,0.185049733568338,0.727980852127075,0.112815327942371,7.05887183251658,7.8401535957842,8.02534559585371,0,0,0,0.00434622351422128,6.47937488555908,1.76838839054108,28.2942142486572,2.34375726496662
"6",3.1069016456604,0.000142721677179637,0.0213583814278106,13,12.4808282852173,1.40000009536743,7.42688659012095,0.0101675037294626,NA,0.00175284326542169,0.011920346878469,0.058487377432331,0.0143833633097024,0.117338474027152,0.190209210597379,0.727980852127075,2.80758453051196,6.49674150649192,7.22472220715903,7.41496613800303,0,0,0,0.00430135521982583,6.01172517664122,1.64075473286626,26.2520757258602,3.4932001739874
"7",3.1069016456604,0.000141239790087251,0.0211366151330593,15,13.2016716003418,1.5,25.038887065251,0.0101675037294626,NA,0.00175284326542169,0.011920346878469,0.0599447843664665,0.0147417485568964,0.120263158389084,0.194949690948855,18.201976776123,3.00969672203064,6.62992021771278,24.8318962473958,25.0269661362959,0,0,0,0.00413578127615048,0,0,0,14.2997551998947
"8",3.1069016456604,0.000129831991666573,0.0194294318301577,16,13.693229675293,1.20000004768372,2.21350933144012,0.0101675037294626,NA,0.00175284326542169,0.011920346878469,0.0612945515514177,0.0150736117820447,0.122972602299381,0.199340765893356,3.92408717518762,2.24615853753301,2.00213972672807,2.00213972672807,2.20158888851123,0,0,0,0.00326841676557258,0,0,0,6.80612644026525
"9",3.1069016456604,0.000142385220033718,0.0213080321879458,16,13.9643630981445,1.70000004768372,13.6929952502742,0.0101675037294626,NA,0.00175284326542169,0.011920346878469,0.0613765055862427,0.0150938104728257,0.12313639247362,0.199606709791617,7.28062677383423,2.03324092811434,6.20080055619157,13.4814273223294,13.6810752749934,0,0,0,0.00426196270922034,0,0,0,7.40483581968978
"10",29.4254188537598,0.000163823883833426,0.0242457741808126,16.0501282191353,16.0449047088623,1.39999997615814,23.798872248602,0.0624094381928444,NA,0.00418329425156116,0.0665927305817604,0.0627158727471328,0.0154231321494666,0.125824714791155,0.203963722531151,18.201976776123,1.88115692138672,4.42203573035619,23.5282216304225,23.732279078436,0,0,1,0.00450476024716148,0,0,0,2.17087344586741
"11",29.4254188537598,0.000152280905104392,0.0226044496076342,16.5982272200666,23.723258972168,1.39999997615814,9.32950000703985,0.0624094381928444,NA,0.00418329425156116,0.0665927305817604,0.0627007434216261,0.0154194001762843,0.125794523635724,0.203914664967929,8.1210812850763,1.88115692138672,1.33668291949492,9.05894764111054,9.26290711196521,0,0,1,0.00390362659293749,0,0,0,2.04554136472409
"12",29.4254188537598,0.000239656885873022,0.0345755958632969,11.7810512993019,22.8517608642578,1.79999995231628,24.4212624598536,0.0624094381928444,NA,0.00418329425156116,0.0665927305817604,0.063975355614868,0.0157328055530251,0.128352816675096,0.208060977608348,18.201976776123,1.88115692138672,4.58767773873753,24.1465302094626,24.3546692896876,0,0.0869161814432591,1,0.0124183756044632,338.620611982759,99.6317261001054,2227.75263336159,12.9438609319568
"13",29.4254188537598,0.000233651253765903,0.0337429456159279,9.54396072361281,26.7059020996094,1.79999995231628,23.0216877096016,0.0624094381928444,NA,0.00418329425156116,0.0665927305817604,0.063965964438174,0.0157304838202292,0.128334142327445,0.208030594050063,18.201976776123,1.88115692138672,4.30763996460899,22.7469857506834,22.9550945394356,0,0.0723097905264753,1,0.0115750495245729,37.3081762725914,11.4741887198704,284.147238696796,12.1324540387761
"14",0,0.00030177019779143,0.0429615891870905,12,47.712574005127,0.899999976158142,5.96998619064606,0.0624094381928444,NA,0.00418329425156116,0.0665927305817604,0.0650954711130041,0.0160083515626512,0.130599577248603,0.211703395039064,18.201976776123,1.88115692138672,1.57167044137289,5.69163819597816,5.90339338258486,0,1,1,0.0190493704060694,348.798288439607,104.425440071679,2555.26059386042,19.3364310486756
"15",0,0.000311632721948998,0.0443433136796566,12,43.3665008544922,0.899999976158142,20.3017691834879,0.0624094381928444,NA,0.00418329425156116,0.0665927305817604,0.0650989305167979,0.0160092108632001,0.13060635504841,0.211714492363417,18.201976776123,1.88115692138672,3.7949915166743,20.0234102608377,20.2351760650232,0,1,1,0.0206729901403939,348.798288439607,104.425440071679,2555.26059386042,21.0811297427682
"16",0,0.000331714919409611,0.0471160644161078,10.0991148664979,25.9399089813232,3.59999990463257,24.9596966098256,0.0624094381928444,NA,0.00418329425156116,0.0665927305817604,0.0650784401858211,0.0160042128947928,0.130564661450475,0.2116473150228,18.201976776123,1.88115692138672,4.59823701741654,24.6813709293609,24.8931034396596,0,1,1,0.023831774321912,1338.36777512384,385.548989434505,8296.6042420867,26.0575594492052
"17",0,0.000386663651648537,0.0545646825006572,17,53.4526138305664,2.70000004768372,10.8925552761408,0.0624094381928444,NA,0.00418329425156116,0.0665927305817604,0.0661051019097636,0.0162565089522778,0.132627254898812,0.214988865004971,18.201976776123,1.88115692138672,1.65894031331257,10.6109296491843,10.8259623482967,0,0.213985349933128,1,0.0251475889695403,1302.51218721991,408.885714241925,13078.0156167579,24.1908746306776
"18",0,0.00038423011661073,0.0542331496520594,18.2398442224213,17.530797958374,3.56816947419496,15.9912426178301,0.0624094381928444,NA,0.00418329425156116,0.0665927305817604,0.0661233708498336,0.0162610364304446,0.132663383584627,0.215047795195725,18.201976776123,1.88115692138672,2.80972070336796,15.7092638605822,15.924649588586,0,0,1,0.0251859322668706,2689.44585881491,797.341137584792,20407.8519750706,20.9954287127385
"19",0,0.000393926579311144,0.0555887875075062,18.6038746594047,31.8790302276611,2.88957992548578,23.9724201565494,0.0624094381928444,NA,0.00418329425156116,0.0665927305817604,0.0660958146883129,0.0162542554259204,0.132608131830499,0.214958205333079,18.2019767761231,1.88115692138672,4.49002391181234,23.6908148458981,23.9058269863833,0,0,1,0.0271173567300491,2689.44585881491,797.341137584792,20407.8519750706,24.2024007762395
"20",0,0.000325588266688134,0.0472803587762447,20,96.2245025634766,2.90000009536743,0.999342673599574,0.0624094381928444,NA,0.00418329425156116,0.0665927305817604,0.0669582584950848,0.0164661585039789,0.134341392876329,0.217765805116178,18.201976776123,1.88115692138672,0.714925984829403,0.714925984829403,0.932749937800936,0,0,1,0.0186604817174883,2082.19145331563,626.931512843567,17123.3753391331,35.0994470799005
"21",0,0.000336172530125745,0.0491121117984611,20,96.2245025634766,2.90000009536743,1.63205181186433,0.0624094381928444,NA,0.00418329425156116,0.0665927305817604,0.0669582584950848,0.0164661585039789,0.134341392876329,0.217765805116178,18.201976776123,1.88115692138672,1.34766716634804,1.34766716634804,1.56545911853547,0,0,1,0.0208253603968828,2082.19145331563,626.931512843567,17123.3753391331,48.3615069304478
"22",0,0.000347643826994962,0.0513605885655183,20,53.8349685668945,2.90000009536743,17.2893970903115,0.0624094381928444,NA,0.00418329425156116,0.0665927305817604,0.0669289024697725,0.0164589730514833,0.134281982866123,0.217669855960259,18.201976776123,1.88115692138672,3.41891454672295,17.0050768635712,17.222804041066,0,0,1,0.0243479779322487,2082.19145331563,626.931512843567,17123.3753391331,76.0713891283213
"23",0,0.000238735226763301,0.04247051375568,24,295.839019775391,11.1000003814697,22.3994632864646,0.0624094381928444,NA,0.00418329425156116,0.0665927305817604,0.0676536013678324,0.016636984764266,0.13573915173598,0.22002973602152,18.201976776123,2.16211506830362,6.1499134445849,22.112834061797,22.3328701749551,0,0,1,0.0180880420366188,1116.07925184475,325.775366146299,7272.27769360305,164.982064434869
"24",26.3513569250636,0.000788668372021991,0.0293445643812287,21.7691954919158,540.141967773438,9.69999980926514,10.8919827654863,0.0624094381928444,NA,0.00418329425156116,0.0665927305817604,0.0682750765341224,0.016789573874438,0.136989725006485,0.222054380507731,24.2689849367248,3.00969672203064,6.8225190686063,10.60334087021,10.8253900102539,0,0,1,0.00714089807348744,442.108907660057,138.779854294505,3863.69609807307,3.59887144720663
"25",29.4254188537598,0.000788668372021991,0.0293445643812287,21.7691954919158,540.141967773438,9.69999980926514,10.8919827654863,0.0624094381928444,NA,0.00418329425156116,0.0665927305817604,0.0682544876125622,0.0167845240193886,0.13694821654185,0.221987231115822,24.022150265454,3.00969672203064,6.8225190686063,10.60334087021,10.8253900102539,0,0,1,0.00714089807348744,442.108907660057,138.779854294505,3863.69609807307,3.59887144720663
"26",29.4254188537598,0.0225544896704021,0.0432872139389579,16,6.37873220443726,44.7999992370605,7.23170137514097,0.0624094381928444,NA,0.00418329425156116,0.0665927305817604,0.069295009958723,0.0170398093610275,0.139044920246649,0.225379739884439,25.385044109047,3.00969672203064,6.93977179530959,6.93977179530959,7.16510868181212,0,0,1,0.0164927977991088,21.6626862423525,9.15444343548307,522.780940371449,62.0420126952015
"27",29.4254188537598,0.0264966063220699,0.0505770483108027,16,3.30320596694946,44.7999992370605,7.92199525867441,0.0624094381928444,NA,0.00418329425156117,0.0665927305817604,0.0691875990789218,0.0170134255602141,0.138829010859965,0.225030033544273,25.3447279643642,3.00969672203064,7.2494116614006,7.63026390456194,7.85540250500574,0.0431013805807928,0,1,0.0219739307347316,77.9262261076089,25.5204691548607,858.897884342151,77.0234929902247
"28",29.4254188537598,0.0969851942424674,0.0427881879732809,4,0.522525250911713,95.7000045776367,6.63164692583248,0.0624094381928444,NA,0.00418329425156116,0.0665927305817604,0.0702130949987968,0.0172648036485181,0.140898803301638,0.228376696908769,18.6539328690012,3.00969672203064,6.33656568469012,6.33656568469012,6.56505423250363,0,0,1,0.0077286920081549,337.608872827212,97.1931813457089,1875.78735220929,3.21801655032917
"29",29.4254188537598,0.101695252629129,0.0482919638998703,4,0,95.7000045776367,25.5327806409169,0.0624094381928444,NA,0.00418329425156116,0.0665927305817604,0.070080214834093,0.0172321605454876,0.140631691509144,0.227944067604252,18.201976776123,3.00969672203064,7.03615437175103,25.2381307130056,25.4661874707509,0.00258328960773491,0,1,0.0112784980633654,730.29332953679,205.083398064379,3686.77301338382,6.51222735524435
"30",29.4254188537598,0.101103194585444,0.0310200275131046,6,2.10314607620239,86.7000045776367,7.17326210111674,0.0624094381928444,NA,0.00418329425156116,0.0665927305817604,0.0705743248378573,0.0173532005927946,0.141630190688029,0.229557714782956,18.6349633891654,2.9812847824483,6.87699793252014,6.87699793252014,7.10666940778788,0,0,1,0.00454587253010701,534.98323098438,154.900219495573,3237.06851391649,6.33114152059779
"31",29.4254188537598,0.101103194585444,0.0310200275131046,6,2.10314607620239,86.7000045776367,7.17326210111674,0.0624094381928444,NA,0.00418329425156116,0.0665927305817604,0.0705743248378573,0.0173532005927946,0.141630190688029,0.229557714782956,18.6238611683182,2.98229949457624,6.87699793252014,6.87699793252014,7.10666940778788,0,0,1,0.00454587253010701,534.98323098438,154.900219495573,3237.06851391649,6.33114152059779
"32",29.4254188537598,0.0944074878810569,0.0792269567028142,4.73686555435999,1.56524503231049,83.2000045776367,6.63130864210808,0.0624094381928444,NA,0.00418329425156116,0.0665927305817604,0.0712748142667193,0.0175248445086541,0.14304460290994,0.231844262384225,29.123327255249,1.10001021687369,6.3327661244278,6.3327661244278,6.56471594877922,0,0,1,0.0285632075997281,273.884031197322,86.6008910713139,2800.59142470157,16.7615464131695
"33",29.4254188537598,0.0983436764195282,0.0806034972332813,4.8690234247176,0.367664992809296,83.2000045776367,29.2793543934741,0.0624094381928444,NA,0.00418329425156116,0.0665927305817604,0.0712748142667193,0.0175248445086541,0.14304460290994,0.231844262384225,29.123327255249,1.159986238228,6.92910635234092,28.9811206395322,29.2127613390869,0,0,1,0.0303240771807729,273.884031197322,86.6008910713139,2800.59142470157,17.6605698268932
"34",0,0.0612432967508748,0.159317936700595,4.13688674576817,0,57.7500833076791,37.7633182232527,0.0624094381928444,NA,0.00418329425156116,0.0665927305817604,0.0725956703574912,0.0178482716364687,0.145715478608209,0.236159420817215,29.123327255249,3.00969672203064,6.92311596708114,38.0507348536234,37.6967250604215,0.188674118465707,1,1,0.152174152040806,2490.01405725968,736.141300238057,18645.6328290156,1.28942685328174
"35",0,0.0612432967508748,0.159317936700595,4.13688674576817,0,57.7500833076791,37.7633182232527,0.0624094381928444,NA,0.00418329425156116,0.0665927305817604,0.0725797385804933,0.0178443682288556,0.145683296995455,0.236107404268586,29.123327255249,3.00969672203064,6.92311596708114,38.0507348536234,37.6967250604215,0.188674118465707,1,1,0.152174152040806,2490.01405725968,736.141300238057,18645.6328290156,1.28942685328174
"36",0,0.0413265483019634,0.0763261649339092,3,5.2660059928894,91,0.974828994475491,0.0624094381928444,NA,0.00418329425156116,0.0665927305817604,0.0738696587987168,0.0181601264190546,0.148293172342846,0.240322957195647,29.123327255249,3.00969672203064,0.683596909817909,0.683596909817909,0.908236281219232,0,0,1,0.0788564596473487,488.104546861077,145.239124094333,3936.97260943674,0.27787283022786
"37",0,0.0490481387112922,0.109225500483399,3,5.39247798919678,122.400001525879,10.4460044819744,0.0624094381928444,NA,0.00418329425156116,0.0665927305817604,0.0737274475640013,0.0181252805146106,0.148005960253805,0.239858691574423,29.123327255249,3.00969672203064,3.85866892624474,10.1394745936996,10.3794116858097,0,0,1,0.157294798135451,1089.80923178352,318.767683904379,7950.76994227648,1.18215345690197
"38",0,0.046965041811488,0.0957955670516945,3,6.97929859161377,122.400001525879,0.726870681134226,0.0624094381928444,NA,0.00418329425156116,0.0665927305817604,0.0738388038617695,0.0181525707448951,0.148230788039549,0.240222162324223,29.123327255249,3.00969672203064,0.457547073416645,0.457547073416645,0.660277946250951,0,0,1,0.120938260963929,488.104546861077,145.239124094333,3936.97260943674,1.6422979010033
"39",0,0.10298553300384,0.0465264566750092,4,0.32162994146347,31.7000007629395,0.504802328109941,0.0624094381928444,NA,0.00418329425156116,0.0665927305817604,0.0746858638297503,0.0183597204972497,0.149947715560083,0.242993296222575,24.2371367097898,3.00969672203064,0.195454567436926,0.195454567436926,0.438209592580593,0,0,1,0.00650185310747851,151.017140994077,41.2051384718845,659.463501144914,1.6422979010033
"40",0,0.100656733204155,0.0607189858084137,4.03438592003902,1.29344499111176,105.900001525879,5.84766160379725,0.0624094381928444,NA,0.00418329425156116,0.0665927305817604,0.0745905525791157,0.0183363868676286,0.149754902609431,0.242681846047899,25.4101787608964,3.00969672203064,5.5384530279221,5.5384530279221,5.78106891046839,0,0,1,0.0301317687990561,182.759817899389,51.545657270597,1048.96647825092,2.57970871682948
"41",0,0.0957330339272061,0.0751451981674193,5,6.622474193573,105.900001525879,39.8494516637974,0.0624094381928444,NA,0.00418329425156116,0.0665927305817604,0.0742239482977846,0.01824647565367,0.149015750841417,0.24148617232627,29.123327255249,3.00969672203064,7.4081989983211,39.5412217870476,39.7828584936314,0,0,1,0.0648495738357103,216.640395250054,66.2523686921519,2018.06551894997,3.61749867702796
"42",0,0.139084293034949,0.0369676754123299,8,3.55526041984558,125.600261631651,2.5485302779043,0.0624094381928444,NA,0.00418329425156116,0.0665927305817604,0.0755584020243351,0.0185730516505474,0.151717079590387,0.245848538332416,18.201976776123,2.87626973740905,2.23610315267037,2.23610315267037,2.48193758457544,0,0,1,0.00306094218269248,259.342277272796,71.9706089154205,1173.27251989044,0.685826440384552
"43",0,0.139084293034949,0.0369676754123299,8,5.17456483840942,125.600261631651,2.5485302779043,0.0624094381928444,NA,0.00418329425156116,0.0665927305817604,0.0755330046818958,0.018566845648615,0.15166553191531,0.245765387833619,18.201976776123,2.75182231298707,2.23610315267037,2.23610315267037,2.48193758457544,0,0,1,0.00306094218269248,259.342277272796,71.9706089154205,1173.27251989044,1.18215345690197
"44",0,0.167876900253923,0.0459905469452476,8,1.42516148090363,137.699996948242,25.4959105296741,0.0624094381928444,NA,0.00418329425156116,0.0665927305817604,0.0752720549065224,0.0185029055999496,0.151138540094952,0.244913499185774,18.201976776123,3.00785999918051,6.9823523502192,25.1843282214034,25.4293173595081,0,0,1,0.00588116345494414,387.251635096375,105.955086705764,1700.97563314424,0.685826440384552
"45",26.5665027130068,0.0975264931408781,0.0434090565198287,14,6.0943865776062,26.9000015258789,5.69205032551647,0.0624094381928444,NA,0.00418329425156116,0.0665927305817604,0.077663202300572,0.0190870650610859,0.155994675992122,0.252744951798272,28.2590200795328,3.00969672203064,5.37250849269233,5.37250849269233,5.62545763218762,0,0,1,0.00398771166126801,16.0106015194524,4.36970608707605,69.9152973932168,0.926083273618661
"46",0,0.105992392593994,0.0449793148047604,14,4.25860357284546,26.9000015258789,20.964925844683,0.0624094381928444,NA,0.00418329425156116,0.0665927305817604,0.0773045672673113,0.0189990913548465,0.155271788268948,0.251575453706144,29.123327255249,3.00969672203064,7.15084356913085,20.6465568662921,20.8983329209209,0,0,1,0.00441714126505076,16.0106015194524,4.36970608707605,69.9152973932168,2.58704668581099
"47",29.4254188537598,0.0590749311595764,0.041511599188634,15.57363179754,4.06411981582642,7.60455697214916,10.2027016878076,0.0624094381928444,NA,0.00418329425156116,0.0665927305817604,0.0777222871101873,0.019100647965414,0.156127673033013,0.25295061170465,12.9024521560822,3.00969672203064,7.16848496474963,9.88294444012359,10.1361088989224,0,0,1,0.00397446826960766,17.8554670335037,4.87321734985036,77.9714775976058,3.96050222517874
"48",29.4254188537598,0.0514974167580146,0.037316050755043,15.610618352429,3.4329526424408,5.30000019073486,6.70233970737202,0.0624094381928444,NA,0.00418329425156116,0.0665927305817604,0.0781004576313123,0.0191934133703483,0.156889946867841,0.254183821701492,19.8856118702981,3.00969672203064,6.3813459442514,6.3813459442514,6.63574701404316,0,0,1,0.00311817862502161,17.8554670335037,4.87321734985036,77.9714775976058,1.18215345690197
"49",29.4254188537598,0.0526126913306686,0.0381367838537997,15,3.31540632247925,6.09999990463257,6.4814212653421,0.0624094381928444,NA,0.00418329425156116,0.0665927305817604,0.078166398891933,0.0192086283449283,0.157037542117233,0.254412560020039,22.4967532049597,3.00969672203064,6.16022143052513,6.16022143052513,6.41482857201324,0,0,1,0.00327351934310165,51.8349990844727,14.1471071243286,226.353713989258,NA
"50",29.4254188537598,0.0564437771444199,0.0409137815471015,15,3.31540632247925,6.09999990463257,7.08910169597123,0.0624094381928444,NA,0.00418329425156116,0.0665927305817604,0.0779941290933261,0.0191663862678909,0.156690025903651,0.253850534872904,21.9357738217147,3.00969672203064,6.76846578728988,6.76846578728988,7.02250900264237,0,0,1,0.00386367116050526,51.8349990844727,14.1471071243286,226.353713989258,NA
"51",29.4254188537598,0.0592093095098235,0.0429184016820105,15,3.90753078460693,6.09999990463257,11.4839900252452,0.0624094381928444,NA,0.00418329425156116,0.0665927305817604,0.0778037268056899,0.019119686010594,0.156306167861271,0.253229582208531,21.0857198833527,3.00969672203064,7.07848591345782,11.1639439250169,11.4173972712903,0,0,1,0.00438168296229019,51.8349990844727,14.1471071243286,226.353713989258,NA
"52",29.4254188537598,0.0592230361014917,0.0429283501810821,8.97173668690374,0.853278875350952,3.29999995231628,0.324236954966742,0.0624094381928444,NA,0.00418329425156117,0.0665927305817604,0.0790776580590966,0.0194300523626638,0.158906850937203,0.257414551143134,1.09210765361786,0.112815327942371,3.91338932469841,4.79015997320362,0.257644231835562,0,0,1,0.00438293965317522,0,0,0,NA
"53",29.4254188537598,0.0592230361014917,0.0429283501810821,8.97173668690374,0.853278875350952,3.29999995231628,0.324236954966742,0.0624094381928444,NA,0.00418329425156116,0.0665927305817604,0.0792754230191913,0.0194785503719975,0.15930574047172,0.258059712816749,1.09210765361786,0.112815327942371,4.07213725500142,4.94656217417964,0.257644231835562,0,0,1,0.00438293965317522,0,0,0,NA
"54",29.4254188537598,0.0597519991912216,0.0338182422518842,17.0056639687083,2.69174385070801,14,0.378000942469753,0.0624094381928444,NA,0.00418329425156116,0.0665927305817604,0.07969347805963,0.0195800601027046,0.160164432132171,0.259437974430781,1.09210765361786,1.54124426399014,0.051721717064388,0.051721717064388,0.311408219338573,0,0,1,0.0029760495935284,36.303759134,10.9417655671271,252.88830817104,NA
"55",29.4254188537598,0.0659799470169904,0.0397341354152183,17,3.44060802459717,14,7.2242069095713,0.0624094381928444,NA,0.00418329425156116,0.0665927305817604,0.0792762491931692,0.0194777414000278,0.159322951900843,0.258076936289763,1.09210765361786,1.64302842311585,5.80786050801689,6.89996825025623,7.15761383090074,0,0,1,0.00457639757942953,52.9141231522578,15.3880778506133,317.776399267901,NA
"56",29.4254188537598,0.117234953122515,0.0318412997669136,1,4.84132099151611,3.29999995231628,0.399398459463772,0.0624094381928444,NA,0.00418329425156117,0.0665927305817604,0.0866821147287207,0.0212930747355716,0.17427224560827,0.282247430053933,21.9941241947994,3.00969672203064,0.0813692334497593,0.0813692334497593,0.332805736332592,0,0,1,0.00112818104542312,0,0,0,NA
"57",29.4254188537598,0.117234953122515,0.0318412997669136,1,4.84132099151611,3.29999995231628,0.399398459463772,0.0624094381928444,NA,0.00418329425156117,0.0665927305817604,0.0866821147287207,0.0212930747355716,0.17427224560827,0.282247430053933,21.3022642979975,3.00969672203064,0.0813692334497593,0.0813692334497593,0.332805736332592,0,0,1,0.00112818104542312,0,0,0,NA
"58",29.4254188537598,0.140381932175709,0.0381280755963867,4,4.37350654602051,1.39999997615814,2.82783337831129,0.0624094381928444,NA,0.00418329425156116,0.0665927305817604,0.0839301830763578,0.0206181217460926,0.168723382326999,0.273271691657877,9.93758169606445,2.82727878312662,2.48846224555981,2.48846224555981,2.76124062109244,0,0,1,0.00165704391469484,10.9856975957274,2.99828002846546,47.9724804554473,NA
"59",29.4254188537598,0.0766504670583468,0.0255894955176689,18,4.23209619522095,9.19999980926514,6.35328271303492,0.0624094381928444,NA,0.00418329425156116,0.0665927305817604,0.0806571650253321,0.0198153977978373,0.16212326253921,0.262595830500167,18.201976776123,3.00969672203064,6.02382376768878,6.02382376768878,6.28669001970606,0,0,1,0.00101053126114099,105.967872600892,32.4309606435472,734.812151444761,NA
"60",29.4254188537598,0.075298786072914,0.0267354590899955,18,3.87038683891296,20.6000003814697,10.5406779154946,0.0624094381928444,NA,0.00418329425156116,0.0665927305817604,0.0804333453107187,0.0197605066641713,0.161671891986091,0.261865749951848,18.2630484945673,3.00969672203064,7.29404781738568,10.2126786968822,10.4740847597565,0,0,1,0.00119842220182919,105.967872600892,32.4309606435472,734.812151444761,NA
"61",29.4254188537598,0.0747889800173403,0.0314602618598724,18,4.22175455093384,20.6000003814697,10.6824417949794,0.0624094381928444,NA,0.00418329425156116,0.0665927305817604,0.0793342937173478,0.0194909710178359,0.15945545451941,0.258280710503848,24.6716075625814,3.00969672203064,7.34831892268182,10.358015883131,10.6158486248134,0,0,1,0.00203580742083091,112.985754436283,34.4405601487441,780.345258617023,NA
"62",4.26369793070717,0.16022085695362,0.0435163762383155,4.87455749597807,0,4.69852618740797,25.3282320868346,0.0624094381928444,NA,0.00418329425156116,0.0665927305817604,0.0892166058144751,0.0219139724157333,0.179393820721698,0.290524397815226,19.8468082294077,3.00969672203064,5.67671678790827,24.9710997193082,25.2616389958199,0,0,1,0.00239882997942658,88.0118683218019,24.0133594492589,384.331329169907,NA
"63",21.4172982331409,0.162162093924806,0.0440436198508103,3.22416678871451,0,4.39191756255373,36.2849402625687,0.0624094381928444,NA,0.00418329425156116,0.0665927305817604,0.0879143000432792,0.0215946559027109,0.176766481939301,0.286275439215562,26.571573197536,3.00969672203064,7.17390451991415,35.9318291573174,36.2183470924027,0,0,1,0.00250069004480257,15.0289633175886,4.1017914762057,65.6286636192912,NA
"64",29.4254188537598,0.133653421893487,0.0388834653461839,16.8456476675052,0,11.6409936008783,20.4741615080384,0.0624094381928444,NA,0.00418329425156116,0.0665927305817604,0.0803408897884679,0.0197370298263082,0.161497795499133,0.261575716175255,12.3220943920336,2.60560534171748,7.03705729808877,20.1458043171138,20.4075683907768,0,0,1,0.00233586687836436,110.196817969601,33.5291791753112,744.437320314452,NA
"65",0,0.162577766028652,0.0441579882908818,9,1.16804754734039,36.2000007629395,29.0026634610556,0.0624094381928444,NA,0.00418329425156116,0.0665927305817604,0.0928153694410819,0.0227956511006546,0.186665119123236,0.302276147141295,18.201976776123,3.00969672203064,7.42213726043701,28.633810043335,28.9360702908896,0,0,1,0.00253546074964106,220.298736572266,60.0969085693359,962.003295898438,NA
"66",0,0.162577766028652,0.0441579882908818,9,2.68584203720093,36.2000007629395,29.0026634610556,0.0624094381928444,NA,0.00418329425156116,0.0665927305817604,0.0929568047847709,0.0228303259077398,0.186950520616691,0.30273765988994,18.201976776123,3.00969672203064,7.42213726043701,28.633810043335,28.9360702908896,0,0,1,0.00253546074964106,220.298736572266,60.0969085693359,962.003295898438,NA
"67",0,0.113172568124224,0.0359217476672307,10.6143287393823,10.0211782455444,51.2000007629395,10.7127606401165,0.0624094381928444,NA,0.00418329425156116,0.0665927305817604,0.0967127347954727,0.0237506184848909,0.194537610894317,0.315000957582264,29.123327255249,3.00969672203064,7.32122292507014,10.3309198587467,10.6461674699505,0,0,1,0.00214185524877429,0.320397576518486,0.640795153036973,84.8111194733346,NA
"68",0,0.113172568124224,0.0359217476672307,10.6143287393823,8.63554191589355,51.2000007629395,10.7127606401165,0.0624094381928444,NA,0.00418329425156116,0.0665927305817604,0.0968096874951536,0.023774375435961,0.194733424177729,0.315317478677231,29.123327255249,3.00969672203064,7.32122292507014,10.3309198587467,10.6461674699505,0,0,1,0.00214185524877429,0.320397576518486,0.640795153036973,84.8111194733346,NA
"69",29.4254188537598,0.10742423551548,0.0437280953335451,15,4.80761575698853,43.7999992370605,11.5917237942335,0.0624094381928444,NA,0.00418329425156116,0.0665927305817604,0.101722023769053,0.0249779961130782,0.204656354152149,0.331356372012018,2.64193970430633,3.00969672203064,7.18119292298586,11.1933155645029,11.5251306240675,0,0,1,0.00582026811644614,0,0,0,NA
"70",29.4254188537598,0.10742423551548,0.0437280953335451,15,4.36828899383545,43.7999992370605,11.5917237942335,0.0624094381928444,NA,0.00418329425156116,0.0665927305817604,0.102063547728684,0.0250617775630791,0.205344702683859,0.332470026867038,2.64193970430633,3.00969672203064,7.18119292298586,11.1933155645029,11.5251306240675,0,0,1,0.00582026811644614,0,0,0,NA
"71",29.4254188537598,0.0860073258000925,0.049353667857222,20.962020603564,5.93582153320312,18.1000003814697,2.65930328842581,0.0624094381928444,NA,0.00418329425156116,0.0665927305817604,0.111474723410055,0.0273689388395175,0.224336158894557,0.363179831554984,10.9210767745972,1.12853968143463,2.22921527329243,2.22921527329243,2.59271059509695,0,0,1,0.00346828468160492,5.51610746518378,1.50548799420771,24.0878079073233,NA
"72",29.4254188537598,0.104063354408405,0.0444109329786268,23,4.07912492752075,23.2000007629394,17.0528930868515,0.0624094381928444,NA,0.00418329425156116,0.0665927305817604,0.109906978779132,0.0269844737828804,0.221174551809441,0.358066008246608,10.9210767745972,1.12853968143463,4.6039818557369,16.6289211376548,16.9862999166855,0,0,1,0.00549867255447887,0,0,0,NA
"73",29.4254188537598,0.0918469812293799,0.0448162698304033,16.0395353323284,5.86669254302979,18.1000003814697,2.7702785474983,0.0624094381928444,NA,0.00418329425156116,0.0665927305817604,0.110856989994016,0.0272174946800794,0.223089725443948,0.361164220470144,10.9210767745972,1.12853968143463,2.34220842026245,2.34220842026245,2.70368585416944,0,0,1,0.00373814743275088,0,0,0,NA
"74",29.4254188537598,0.0818766556374432,0.0856035371982968,25,11.6824970245361,20,3.00767838962489,0.0624094381928444,NA,0.00418329425156116,0.0665927305817604,0.11575679102157,0.0284187932772646,0.232975453135155,0.377151027742581,10.9210767745972,1.12853968143463,2.56360714191867,2.56360714191867,2.94108569629603,0,0,0.669070119919255,0.0119481992927761,13.0058351392408,3.54962784542476,56.7940455267962,NA
"75",29.4254188537598,0.0818766556374432,0.0856035371982968,25,11.6824970245361,20,3.00767838962489,0.0624094381928444,NA,0.00418329425156116,0.0665927305817604,0.11575679102157,0.0284187932772646,0.232975453135155,0.377151027742581,10.9210767745972,1.12853968143463,2.56360714191867,2.56360714191867,2.94108569629603,0,0,0.669070119919255,0.0119481992927761,13.0058351392408,3.54962784542476,56.7940455267962,NA
"76",29.4254188537598,0.122483790428361,0.111970955954068,26.3012344787645,8.5602855682373,20,4.10377710843677,0.0624094381928444,NA,0.00418329425156116,0.0665927305817604,0.114986895924718,0.028230028032673,0.231422252950159,0.37463918088228,10.9210767745972,1.12853968143463,2.72718534465188,3.66263715201332,4.03718441510792,0,0,1,0.0210293601617456,19.4381237030029,5.30516529083252,84.8826446533203,NA
"77",29.4254188537598,0.140624704967443,0.176690449192863,23,1.9640017747879,3.60000014305115,2.81784484246363,0.0624094381928444,NA,0.00418329425156116,0.0665927305817604,0.119256752394202,0.0292769552801546,0.240035705606912,0.38856941124284,10.9210767745972,1.12853968143463,2.36277743826945,2.36277743826945,2.75125214913478,0,0,0,0.0451907729528499,14.3873285741857,3.92667303417671,62.8267685468274,NA
"78",29.4254188537598,0.163725277121543,0.226218735539246,19.3592138418695,4.3341007232666,4.67359801487499,14.1833152513508,0.0624094381928444,NA,0.00418329425156116,0.0665927305817604,0.122157175189511,0.0299881505990729,0.245885890267659,0.398031210997924,10.9210767745972,1.12853968143463,2.70133658836277,13.7183514502115,14.1167220811848,0,0,0,0.0610202987365027,1.71403443380364,0.46780420396759,7.48486726348144,NA
"79",29.4254188537598,0.163725277121543,0.226218735539246,19.3592138418695,4.3341007232666,4.67359801487499,14.1833152513508,0.0624094381928444,NA,0.00418329425156116,0.0665927305817604,0.122290651686706,0.0300208802483466,0.246155092311133,0.398466619638166,10.9210767745972,1.12853968143463,2.70133658836277,13.7183514502115,14.1167220811848,0,0,0,0.0610202987365027,1.71403443380364,0.46780420396759,7.48486726348144,NA
"80",29.4254188537598,0.167616368207037,0.238145864942341,16.4826013120636,8.24491310119629,3.70000004768372,5.81453217580236,0.0624094381928444,NA,0.00418329425156116,0.0665927305817604,0.125360556455002,0.0307736665484183,0.252346514386905,0.408480730424834,0.727980852127075,0.844383392028861,4.6111350870367,5.33911577578418,5.7479394824735,0,0,0.883412522900849,0.0611893811456927,0,0,0,NA
"81",29.4254188537598,0.167616368207037,0.238145864942341,16.4826013120636,8.24491310119629,3.70000004768372,5.81453217580236,0.0624094381928444,NA,0.00418329425156116,0.0665927305817604,0.125360556455002,0.0307736665484183,0.252346514386905,0.408480730424834,0.727980852127075,0.844383392028861,4.6111350870367,5.33911577578418,5.7479394824735,0,0,0.883412522900849,0.0611893811456927,0,0,0,NA
"82",29.4254188537598,0.167898940408447,0.238547339907826,13.4344462851062,12.4177141189575,8.5,3.39679623573027,0.0624094381928444,NA,0.00418329425156116,0.0665927305817604,0.128993819910306,0.0316646285553397,0.25967338551156,0.420331823594298,1.09210765361786,3.00969672203064,2.16422122158812,2.90996888457997,3.33020345739172,0,0,1,0.0616027132535342,0,0,0,NA
"83",29.4254188537598,0.170159865888509,0.241759623484605,13,16.1888656616211,8.5,11.6730638960142,0.0624094381928444,NA,0.00418329425156116,0.0665927305817604,0.128541178799144,0.0315536179980386,0.258760750386726,0.418855549853687,0.807579143959825,3.00969672203064,7.37096588542884,11.1882418295932,11.6064707258482,0,0,1,0.065285807304851,0,0,0,NA
"84",29.4254188537598,0.170159865888509,0.241759623484605,13,16.1888656616211,8.5,11.6730638960142,0.0624094381928444,NA,0.00418329425156116,0.0665927305817604,0.128541178799144,0.0315536179980386,0.258760750386726,0.418855549853687,0.807579143959825,3.00969672203064,7.37096588542884,11.1882418295932,11.6064707258482,0,0,1,0.065285807304851,0,0,0,NA
"85",29.4254188537598,0.168765725566793,0.239778844234499,13,20.8576068878174,17.2000007629395,29.9886215251318,0.0624094381928444,NA,0.00418329425156116,0.0665927305817604,0.132227002996635,0.0324575093441963,0.266192855720362,0.430877362864754,21.6478761090032,3.00969672203064,6.10253782704246,29.4912496476136,29.9220283549658,0,0,1,0.0628677973110891,121.219648948433,40.5536477385009,1402.60304600436,NA
"86",29.4254188537598,0.170350104570389,0.242029920220375,13,17.2993507385254,17.2000007629395,40.0516841650389,0.0624094381928444,NA,0.00418329425156116,0.0665927305817604,0.131875790552511,0.0323713221724265,0.265485545382385,0.429732669265252,29.123327255249,3.00969672203064,7.42213726043701,39.5551605224609,39.9850909948728,0,0,1,0.0657452121376991,121.219648948433,40.5536477385009,1402.60304600436,NA
"87",29.4254188537598,0.169923921138267,0.241424394361979,10.4731005087588,16.4092121124268,20.6000003814697,38.4839881241736,0.0624094381928444,NA,0.00418329425156116,0.0665927305817604,0.135700618864932,0.0333093759471026,0.273196531716769,0.442206520228091,29.123327255249,3.00969672203064,7.26566332880287,37.9747972300376,38.4173949540076,0,0,1,0.064781573995557,122.253359265411,40.2347558355396,1357.4036325335,NA
"88",36.8191108703613,0.0329634648634061,0.135179946229644,7,17.5551662445068,42.4000015258789,20.5403915721661,0.102366104722023,NA,0.0751425996422768,0.17750871181488,0.158657208515138,0.0389394281702623,0.319469637627971,0.517066282769498,18.2019767761231,3.00969672203064,1.63575918368542,19.845523130687,20.3628822643048,0.864755623151031,0,1,0.0263600855927996,171.258444682211,57.11699025329,1878.97894418372,NA
"89",36.8191108703613,0.0329634648634061,0.135179946229644,7,17.5551662445068,42.4000015258789,20.5403915721661,0.102366104722023,NA,0.0751425996422768,0.17750871181488,0.158657208515138,0.0389394281702623,0.319469637627971,0.517066282769498,18.2019767761231,3.00969672203064,1.63575918368542,19.845523130687,20.3628822643048,0.864755623151031,0,1,0.0263600855927996,171.258444682211,57.11699025329,1878.97894418372,NA
"90",0,0.0728438806981285,0.16043085946405,1,4.69831323623657,378.899993896484,36.1384131004744,0.102366104722023,NA,0.0751425996422768,0.17750871181488,0.167213339001919,0.041037026503449,0.336710967893955,0.544961317025234,29.123327255249,3.00969672203064,6.29250582984583,35.4158336365305,35.9609037926131,0.539787074210458,0.750037441549487,1,0.0258178190029151,7571.74452096142,2142.60127202011,41933.1390596918,NA
"91",0,0.405987220794985,0.292428752354163,3,0,112.399993896484,38.165705038747,0.102366104722023,NA,0.0751425996422768,0.17750871181488,0.168554369155869,0.0413638780401784,0.33939467256163,0.549312931188182,29.123327255249,3.00969672203064,6.83852730584206,37.4389978953024,37.9881957308857,0,0,1,0.126376404835405,976.768069005742,266.622054416311,4282.87687755448,NA
"92",0,0.405987220794985,0.292428752354163,3,0,112.399993896484,38.165705038747,0.102366104722023,NA,0.0751425996422768,0.17750871181488,0.168554369155869,0.0413638780401784,0.33939467256163,0.549312931188182,29.123327255249,3.00969672203064,6.83852730584206,37.4389978953024,37.9881957308857,0,0,1,0.126376404835405,976.768069005742,266.622054416311,4282.87687755448,NA
"93",0,0.219218954684508,0.164133376212515,13,9.32105541229248,34.2000007629395,0,0,NA,0,0,0,0,0,0,0,0.350420736392409,0,0,0,0.431926465967266,0,1,0.0814151109313439,132.026950258816,38.5332082580364,947.722916317249,0.065388122862062
"94",36.8191108703613,0.0523209402060722,0.0717345420847246,2.36620020317018,0.961974203586578,7.90000009536743,23.2473625723205,0.102366104722023,NA,0.0751425996422768,0.17750871181488,0.0981482403366963,0.0240805960332988,0.197498218541227,0.319727065126028,13.5268484971045,1.88115692138672,7.35825316368726,22.7506285175099,23.0698532644592,0,0,1,0.0465064794153463,95.7613904779356,26.9336110072103,530.63231119572,0.128853421493087
"95",81.2213745117188,0.059638126302483,0.0442099542539583,10,57.6640090942383,3.09999990463257,2.36757344364192,0.0589366182684898,0.000198944006115198,0.00594897102564573,0.0650845319032669,0.0370692932162211,0.00909189879621779,0.0744796692347613,0.120640862943756,9.81292345094504,3.00969672203064,2.18184381567852,2.18184381567852,2.30248895906514,0,0,1,0.0174239563290436,79.1230944398924,22.1975678455876,437.184796699556,NA
"96",0.012559462338686,0.00624899578361379,0.00459609946421216,357.298043406763,21.1708889007568,0.600000023841858,0.950527182089915,0.00296651828102767,0.00102741026785225,0.000588856404647231,0.00458278506994247,0.114390956038602,0.0939456232853858,0.271216133619302,0.479552708615126,4.82447242736816,1.37001013755798,0.466831374621409,0.466831374621409,0.945944419371715,0,0,1,0.000117175706642256,0,0,0,3.87224385405409
"97",0.012559462338686,0.00448320902824107,0.00329737387695507,354.55285227976,20.5775985717773,0.600000023841858,0.753829484455382,0.00296651828102767,0.00102741026785225,0.000588856404647231,0.00458278506994247,0.114523376123333,0.0937037386438536,0.272527533334221,0.480754636135031,4.82447242736816,1.37001013755798,0.268935115435758,0.268935115435758,0.749246721737181,0,0,1,6.81603033109098e-05,0,0,0,1.90573563893825
"98",0.012559462338686,0.0117343606923216,0.00863055301309413,644.948286697125,19.8054695129395,0.5,2.41813681567326,0.00296651828102767,0.00102741026785225,0.000588856404647231,0.00458278506994247,0.111480524845637,0.0890415805073986,0.268110259168183,0.46863236343755,4.82447242736816,1.37001013755798,0.574754977598977,1.9447651150131,2.41355393374577,0.0703814776070105,0,1,0.000400037240274855,0,0,0,11.5035023226301
"99",0.012559462338686,0.00878760468591239,0.00646323175252682,537.622660121518,16.8687496185303,0.600000023841858,1.02288977457104,0.00296651828102767,0.00102741026785225,0.000588856404647231,0.00458278506994247,0.111850183244649,0.0884643968644975,0.271525521785274,0.471840108750106,4.82447242736816,1.37001013755798,0.546948976651736,0.546948976651736,1.01830701185284,0.066698696260388,0,1,0.000215758957790657,0,0,0,10.0859110738051
"100",0.012559462338686,0.0101216622915172,0.00744442275817093,545.989315627843,18.9640197753906,0.800000011920929,0.889860581436912,0.00296651828102767,0.00102741026785225,0.000588856404647231,0.00458278506994247,0.109356782049289,0.083134202584053,0.271703274935868,0.464194269768647,4.82447242736816,1.37001013755798,0.420921719323566,0.420921719323566,0.885277818718711,0.427659982481754,0,1,0.000286583974054619,0,0,0,21.3453346116041
"101",0.012559462338686,0.0115890844200485,0.00852370321848855,555.033465352946,18.1995792388916,0.755414689517776,0.992202513952714,0.00296651828102767,0.00102741026785225,0.000588856404647231,0.00458278506994247,0.109186743974141,0.0833487911953677,0.270257903774026,0.462793438433187,4.82447242736816,1.37001013755798,0.524619458974073,0.524619458974073,0.987619751234513,0.427659982481754,0,1,0.000388247876715048,0,0,0,26.3341698948472
"102",0.012559462338686,0.0122857018002369,0.00903606065443691,510.0318460896,14.3249139785767,0.900000035762787,2.40921639836283,0.00296651828102767,0.00102741026785225,0.000588856404647231,0.00458278506994247,0.106527023033435,0.0782713034259837,0.268988041484314,0.453786371532705,4.82447242736816,1.37001013755798,0.581319586307551,1.95132972839673,2.40463351643534,0.950695613541289,0,1,0.000451731435378071,0,0,0,11.1797874297649
"103",0.012559462338686,0.00923504876655301,0.00679232400690414,471.480995799401,19.382251739502,0.810571392033503,0.87033091432118,0.00296651828102767,0.00102741026785225,0.000588856404647231,0.00458278506994247,0.106763730586874,0.077971262958039,0.271021831696812,0.455756826915138,4.82447242736816,1.37001013755798,0.305947753497305,0.409814307092687,0.865748135027186,0.459801575761987,0,1,0.000237755087559585,0,0,0,4.2921631954555
"104",0.012559462338686,0.00923504876655301,0.00679232400690414,471.480995799401,19.382251739502,0.810571392033503,0.87033091432118,0.00296651828102767,0.00102741026785225,0.000588856404647231,0.00458278506994247,0.106763730586874,0.077971262958039,0.271021831696812,0.455756826915138,4.82447242736816,1.37001013755798,0.305947753497305,0.409814307092687,0.865748135027186,0.459801575761987,0,1,0.000237755087559585,0,0,0,4.2921631954555
"105",0.012559462338686,0.00832846870696408,0.00708062905062965,18.6123232212317,16.8038272857666,0.900000035762787,3.79747862823244,0.00296651828102767,0.00102741026785225,0.000588856404647231,0.00458278506994247,0.0961825732951721,0.060205325205061,0.260727888506668,0.417115792280031,4.82447242736816,1.37001013755798,0.553535284161425,3.3762913941924,3.79289579576594,0,0,1,0.000362030315954949,0,0,0,2.50704371538526
"106",0.012559462338686,0.00538420651852374,0.00571753880191266,33.2397488722514,18.7521457672119,1.39999997615814,2.25129002864479,0.00296651828102767,0.00102741026785225,0.000588856404647231,0.00458278506994247,0.0933746688210727,0.056426839609263,0.255384175117042,0.405185687479636,4.82447242736816,1.37001013755798,0.556036671093415,1.84203289936163,2.24670724117832,0,0,1,0.000216206237650569,0,0,0,5.73512223377584
"107",0.012559462338686,0.00542245652853591,0.00581251812817718,33.5495234904624,19.635274887085,1.39999997615814,5.29120648990606,0.00296651828102767,0.00102741026785225,0.000588856404647231,0.00458278506994247,0.0932864947624747,0.0564836219952718,0.254593742507418,0.404363858978267,4.82447242736816,1.37001013755798,0.574554908654308,4.8827705294276,5.28662364427871,0,0,1,0.000226830507820757,0,0,0,5.91899609345051
"108",0.012559462338686,0.00194304064140275,0.00390214580086999,38,18.8156719207764,1.50834497727217,0.923967860447086,0.00296651828102767,0.00102741026785225,0.000588856404647231,0.00458278506994248,0.0898168330706863,0.0524016499165017,0.246333461160356,0.388551950953633,4.6790495844412,1.37001013755798,0.530122794354418,0.530122794354418,0.919385097728885,0,0,1,2.84746489611413e-05,0,0,0,2.56368536167039
"109",0.012559462338686,0.00194304064140275,0.00390214580086999,38,18.8156719207764,1.50834497727217,0.923967860447086,0.00296651828102767,0.00102741026785225,0.000588856404647231,0.00458278506994248,0.0898168330706863,0.0524016499165017,0.246333461160356,0.388551950953633,4.6790495844412,1.37001013755798,0.530122794354418,0.530122794354418,0.919385097728885,0,0,1,2.84746489611413e-05,0,0,0,2.56368536167039
"110",0.012559462338686,0,0.00260505677283731,29.7874003542121,18.4860687255859,1.10000002384186,0.695962168152345,0.00296651828102767,0.00102741026785225,0.000588856404647231,0.00458278506994247,0.0865792366370835,0.0484619176653893,0.239171914211526,0.374213074512205,4.82447242736816,1.37001013755798,0.31791838444158,0.31791838444158,0.691379405434144,0,0,1,0,0,0,0,6.99535104200401
"111",0.012559462338686,0,0.00287818106737099,71.0812096138261,28.8006229400635,0.900000035762787,0.831782005933789,0.00296651828102767,0.00102741026785225,0.000588856404647231,0.00458278506994247,0.0816934378835955,0.0437501180725801,0.224813029553408,0.350256584529748,4.69124212239714,1.37001013755798,0.476294730022774,0.476294730022774,0.827199243215588,0,0,1,0,0,0,0,7.94651811478941
"112",0.012559462338686,0,0.00308361523156191,74.5800820463709,26.0155143737793,0.900000035762787,4.63892747077054,0.00296651828102767,0.00102741026785225,0.000588856404647231,0.00458278506994247,0.0811951444675331,0.0434768740478864,0.222734102017289,0.34740611633126,3.41550725540943,1.37001013755798,0.56772366561575,4.28629369788351,4.63434458884305,0,0,1,0,0,0,0,8.06294062347485
"113",0.012559462338686,0,0.00271716596736949,67.8086660715453,31.4567470550537,0.900000035762787,0.714485419980588,0.00296651828102767,0.00102741026785225,0.000588856404647231,0.00458278506994247,0.0821937213168236,0.0440244975946857,0.226901407109248,0.353119629780855,4.66562090990272,1.37001013755798,0.357566641127914,0.357566641127914,0.709902657262388,0,0,1,0,0,0,0,7.67155435829118
"114",0.012559462338686,0,0.00319307554441672,62,17.6499633789062,1.39999997615814,5.29842846162063,0.00296651828102767,0.00102741026785225,0.000588856404647231,0.00458278506994247,0.076979639637361,0.0395675636679267,0.209979165719498,0.326526355531144,3.01529550552368,1.37001013755798,0.582141768481438,4.96744759279621,5.29384557969314,0,0,1,0,0,0,0,14.8982803783121
"115",0.012559462338686,0,0.00312890832307455,61.9270347753322,34.0664710998535,1,3.74775138779491,0.00296651828102767,0.00102741026785225,0.000588856404647231,0.00458278506994247,0.0775602930549988,0.0398628033802276,0.212489268412786,0.329912360563089,3.01529550552368,1.26861355232047,0.554262393859438,3.41400421427263,3.74316851881683,0,0,1,0,0,0,0,13.3291707035717
"116",0.012559462338686,0,0.00306618863054229,60.9476629141151,34.0664710998535,1,1.22182763962737,0.00296651828102767,0.00102741026785225,0.000588856404647231,0.00458278506994247,0.0775602930549988,0.0398628033802276,0.212489268412786,0.329912360563089,2.69222353031991,1.28651765664606,0.472194946999943,0.886710379741337,1.21724486052136,0,0,1,0,0,0,0,12.2134676878299
"117",0.552576303482056,0,0.00319125814568061,53.4244731233831,0,2.57940946074303,0.93897601481003,0.0539729259908199,0.00102741026785225,0.00412356713786721,0.058096494525671,0.0709546004660342,0.0344722548798513,0.190442689045839,0.295869544512636,0.120611824095249,0.226744676890535,0.282942584637769,0.585599858942058,0.880879516251391,0,0,1,0,0,0,0,3.17677953996264
"118",0.303116628618957,0,0.00292544440508984,59.3243489781765,26.9387226104736,1.80000007152557,0.379337473692235,0.00296651828102767,0.00102741026785225,0.000588856404647231,0.00458278506994247,0.0736443119107813,0.0363241611418384,0.200758053097234,0.310726531491994,0.869727851210587,0.623406801357492,0.0634434488285821,0.0634434488285821,0.374754682870644,0,0,1,0,0,0,0,9.73985401501463
"119",0.543399325461569,0,0.00316686367087439,62,26.7077617645264,1.80000007152557,0.816418000361713,0.0468818413697156,0.00102741026785225,0.00363215960603319,0.0506568362713824,0.0732308373753934,0.036117393013652,0.198830626885868,0.308178857627096,0.414719217929638,0.512689509332569,0.341761033581397,0.451377422159913,0.758867131271687,0,0,1,0,0,0,0,8.4252447317127
"120",0.552576303482056,0.0198022070335548,0.0145206554754199,38.1121018672525,10.4054574966431,12.5999994277954,0.320201500435632,0.0539729259908199,0.00102741026785225,0.00412356713786721,0.058096494525671,0.0620474007988405,0.0278235359249066,0.159577118272879,0.2494480545602,0,0,0.0144124891826567,0.0144124891826567,0.26210500218467,0,0,1,0.00945469227476983,0,0,0,4.08331806562516
"121",0.552576303482056,0.00960838579663118,0.00856400114740981,13,40.7907905578613,4,0.341016642474357,0.0539729259908199,0.00102741026785225,0.00412356713786721,0.058096494525671,0.0633367981758245,0.0287531575555746,0.164055960061999,0.256145914553525,0,0.0330122970044613,0.0135458773552855,0.0259330815686083,0.282920144223396,0,0,1,0.000465377406358389,0,0,0,5.02527405540553
"122",0.411730717849053,0.0387013970512196,0.0253193332098055,43,69.5822219848633,44.7999992370606,0,0,0.00102741026785225,0,0,0,0,0,0,0,0,0,0,0,0,0,1,0.0273080486236944,0,0,0,6.27873736126393
"123",0.552576303482056,0.0263027085086582,0.017866454908684,42,44.6144256591797,12.6999998092651,0.294208359166379,0.0539729259908199,0.00102741026785225,0.00412356713786721,0.058096494525671,0.0595548230599041,0.0259765322537981,0.151235818145108,0.236767176116162,0,0,0,0,0.236111872839868,0,0,1,0.0134742071275729,0,0,0,5.977493466086
"124",0.552576303482056,0.0488097831868653,0.0311006634417979,15,26.6781387329102,4.30000019073486,1.7332768861829,0.0539729259908199,NA,0.00412356713786721,0.058096494525671,0.0457000696760073,0.0223782707700185,0.0908800854381944,0.158958426762482,1.20611810684204,0.342127412557602,0.143411668465775,1.51627908239222,1.67518035812962,0,0,1,0.0322359245337839,0,0,0,1.79782035576432
"125",0.552576303482056,0.0471154558486575,0.0300210704735598,8,29.5579090118408,3.60000014305115,0.369640885699977,0.0539729259908199,NA,0.00412356713786721,0.058096494525671,0.0463733731576749,0.0218406050231432,0.0950130259451003,0.163227002647807,0.120611824095249,0.342127412557602,0.0891724618766833,0.148535158451949,0.311544388981043,0,0,1,0.0283995295203852,0,0,0,2.07364508160293
"126",0.552576303482056,0.0482127783524689,0.0307202634670248,8,31.3706092834473,3.60000014305115,0.554404060873124,0.0539729259908199,NA,0.00412356713786721,0.058096494525671,0.0461365246832723,0.0219612857741333,0.0936920310844487,0.161789847801975,0.222122810758,0.342127412557602,0.112134327628677,0.334257136595349,0.496307559835202,0,0,1,0.0306348831363836,0,0,0,1.91368878267358
"127",0.552576303482056,0.045602848161429,0.0290572656612536,13,29.3309955596924,2.60000014305115,0.341824574543624,0.0539729259908199,NA,0.00412356713786721,0.058096494525671,0.0468882444312905,0.0216439323639689,0.0977877724005235,0.16631995022413,0.120611824095249,0.155984463783797,0.0470362717068379,0.117107946420591,0.283728076292663,0,0,1,0.0258869161802684,0,0,0,1.98372568503885
"128",0.552576303482056,0.045602848161429,0.0290572656612536,13,29.3309955596924,2.60000014305115,0.341824574543624,0.0539729259908199,NA,0.00412356713786721,0.058096494525671,0.0468882444312905,0.0216439323639689,0.0977877724005235,0.16631995022413,0.120611824095249,0.160714162506079,0.0470362717068379,0.117107946420591,0.283728076292663,0,0,1,0.0258869161802684,0,0,0,1.98372568503885
"129",0.552576303482056,0.0470740838613415,0.0299947088582497,9,36.9391899108887,2.60000014305115,0.357542285332654,0.0539729259908199,NA,0.00412356713786721,0.058096494525671,0.0475579138712626,0.0214894341333871,0.101249747071399,0.170297093713044,0.120611824095249,0.0330122970044613,0.0672934399747463,0.129414540212621,0.299445787081693,0,0,1,0.0283318079985598,0,0,0,1.37373952067884
"130",0.552576303482056,0.0440557534012013,0.0280714859276506,14.6426182407922,23.076530456543,4.69999980926514,0.256511960652356,0.0539729259908199,0.00102741026785225,0.00412356713786721,0.058096494525671,0.0493645265900106,0.0214364586961377,0.110077800741308,0.180878790417489,0.109437383329106,0.679512985135634,0.0178615377180662,0.0178615377180662,0.198415472245914,0,0,1,0.0236356267820567,0,0,0,1.67963753981025
"131",0.552576303482056,0.0401977746772869,0.025613256735975,13.4818720106315,23.5070819854736,6.59765979597578,0.293178005838849,0.0539729259908199,0.00102741026785225,0.00412356713786721,0.058096494525671,0.0502741325617709,0.0215431152067132,0.11434223162757,0.186159475215615,2.29968054314636,0.856819152832031,0.0492726644477482,0.0492726644477482,0.235081518527491,0,0,1,0.0190504930923919,0,0,0,1.21590998724956
"132",0.552576303482056,0.0437195612900071,0.0278572715907131,11.2417444334831,20.8049983978271,7.19999980926514,0.474563523777844,0.0539729259908199,0.00102741026785225,0.00412356713786721,0.058096494525671,0.0511107687201461,0.0216966431052251,0.118192646894246,0.19100005439837,3.01529550552368,0.376270160145558,0.12939059347877,0.225008282852879,0.416467028362057,0,0,1,0.0231514288344106,0,0,0,0.427793598520986
"133",0.552576303482056,0.0424433812220863,0.0270441150085076,14.5054174321168,20.696252822876,7.19999980926514,0.45009636254755,0.0539729259908199,0.00102741026785225,0.00412356713786721,0.058096494525671,0.0509676987456217,0.0216670968690576,0.117538401351286,0.190173200182226,3.01529550552368,0.459855669240464,0.201372378081271,0.201372378081271,0.391999864296589,0,0,1,0.0215644839506071,0,0,0,0.491005670342568
"134",0.552576303482056,0.0467330382126907,0.0297774011604806,40,28.6096477508545,38.2000007629395,1.78743298843855,0.0321321896926269,0.00102741026785225,0.00245492048192399,0.0345871110062299,0.031894720181725,0.0133196104768606,0.0769551437997493,0.122169475255647,3.01529550552368,0,0.236641177618587,1.5894337575443,1.74383990666893,0,0,1,0.0276918704871478,0,0,0,0.563403764940502
"135",0.127702504396439,0.0622108593359944,0.0914758769680008,1,41.9940452575684,79.4000015258789,2.55101449651819,0.0401025861501694,NA,0.000746671401429921,0.040849257260561,0.115082152492513,0.080953028915109,0.34478230124748,0.540817473915622,10.5464334754727,5.42847061157227,1.97015422221071,1.97015422221071,2.5101652876864,0,0,0.954532343516312,0.0418563630010528,650.309574663306,188.052266837237,4438.92567678347,7.71850995028665
"136",0.127702504396439,0.083874621500627,0.1013734128004,1,40.051082611084,134.300003051758,2.51200593671607,0.0401025861501694,NA,0.000746671401429921,0.040849257260561,0.114339530891484,0.0792580591625812,0.344917197379415,0.538514789841912,15.5426418175981,5.42847061157227,1.93226317518315,1.93226317518315,2.47115672788429,0.879047629850987,1,1,0.0507815845851651,227.174678983585,64.4150567966348,1358.85142814405,36.124385724989
"137",0.127702504396439,0.0737924478781117,0.0622290128603441,1.88888888888889,64.7439651489258,130.117104372421,0.60757556910406,0.0401025861501694,0.0450126156210899,0.000746671401429921,0.040849257260561,0.115922448576265,0.0803850950508229,0.34814106507322,0.544448615620755,16.0479393005371,5.42847061157227,0.0221585112712954,0.0221585112712954,0.566726300667628,0,0,1,0.0239683127513795,58.3143768310547,15.9013481140137,254.647918701172,18.5531049270935
"138",0.127702504396439,0.129062905122401,0.112728496060883,1.30952380952381,69.3115158081055,127.900001525879,4.53170035227528,0.0401025861501694,0.0450126156210899,0.000746671401429921,0.040849257260561,0.11484099067015,0.0788051106209914,0.347605367084552,0.541251476303219,16.0479393005371,5.42847061157227,2.02974639964878,3.95032644763896,4.49085110080117,0.854746266697608,0.437701574269671,1,0.0802946408008652,95.9796591370143,26.1741028604825,419.125153824361,48.9702016910716
"139",0.127702504396439,0.131928731533034,0.116133102012629,1.23809523809524,70.8261871337891,127.900001525879,24.1735130323324,0.0401025861501694,0.0450126156210899,0.000746671401429921,0.040849257260561,0.11427016869187,0.0781787668196626,0.346560831214849,0.539009755724768,16.0479393005371,5.42847061157227,2.11684887194345,23.5932593653961,24.1326633466635,0.854746266697608,0.437701574269671,1,0.0880472593346944,95.9796591370143,26.1741028604825,419.125153824361,52.0520252771836
"140",0.127702504396439,0.173146879597157,0.122021774914168,2,85.1119155883789,220.699996948242,19.9400566854826,0.0401025861501694,0.0450126156210899,0.000746671401429921,0.040849257260561,0.11342067288052,0.0761474109561715,0.347010386719772,0.536578483022707,16.0479393005371,5.42847061157227,2.04742985556378,19.362223139738,19.8992069998137,0,1,1,0.113389439086832,216.412298259418,59.015109151824,945.031908347572,8.09699009533709
"141",0.127702504396439,0.204396612879207,0.125400979261827,2,17.9843368530273,412.799987792969,18.6361989183065,0.0401025861501694,0.0450126156210899,0.000746671401429921,0.040849257260561,0.112922875634435,0.07441641118598,0.348311170072933,0.535650478153527,16.0479393005371,5.42847061157227,2.01248472607885,18.0604245609628,18.5953492326376,0.726248383726925,0.46560835420082,1,0.125969741330308,1638.33473627687,446.835921843339,7154.45516159293,2.3098432175323
"142",0.127702504396439,0.206146828212618,0.126825093330937,2,17.0820980072021,412.799987792969,20.7725666689776,0.0401025861501694,0.0450126156210899,0.000746671401429921,0.040849257260561,0.112348811451972,0.0738001548512304,0.347228067702841,0.53337702665873,16.0479393005371,5.42847061157227,2.10205668923182,20.1979285138638,20.7317169833086,0.524685489080766,1,1,0.131797411964167,3385.71144978012,923.476004963249,14785.0940636136,2.57411679429383
"143",0.127702504396439,0.216029239099569,0.128203185609306,8,10.9415941238403,408.799987792969,24.1793523424458,0.0401025861501694,0.0450126156210899,0.000746671401429921,0.040849257260561,0.110766167721536,0.069416516500228,0.34967383481718,0.529856519567804,16.0479393005371,5.42847061157227,2.13194834167204,23.6083587543726,24.1385026567768,0,0,1,0.132893181731804,1688.20011501534,461.08027143964,7418.38030162901,20.1886995325376
"144",0.127702504396439,0.210688439380563,0.125033662504975,8,12.2022590637207,408.799987792969,22.275842796673,0.0401025861501694,0.0450126156210899,0.000746671401429921,0.040849257260561,0.111255914016441,0.0700242336356844,0.350165452825765,0.531445609836053,16.0479393005371,5.42847061157227,2.01141076598085,21.7033783001481,22.234993111004,0,0,1,0.121184408019331,1688.20011501534,461.08027143964,7418.38030162901,15.5947062917085
"145",0.127702504396439,0.210688439380563,0.125033662504975,8,12.2022590637207,408.799987792969,22.275842796673,0.0401025861501694,0.0450126156210899,0.000746671401429921,0.040849257260561,0.111255914016441,0.0700242336356844,0.350165452825765,0.531445609836053,16.0479393005371,5.42847061157227,2.01141076598085,21.7033783001481,22.234993111004,0,0,1,0.121184408019331,1688.20011501534,461.08027143964,7418.38030162901,15.5947062917085
"146",0.127702504396439,0.213947692498638,0.126967883009723,9.0247580226171,0,213.225784069681,22.1522620928665,0.0401025861501694,0.0450126156210899,0.000746671401429921,0.040849257260561,0.110191643067709,0.0684740551721344,0.34944022788622,0.528105925800807,16.0479393005371,5.42847061157227,2.10701885597988,21.5832193409679,22.1114124322387,0,0,1,0.128678559179187,3016.02439673541,825.587629741173,13354.9154034771,24.2245576156567
"147",0.127702504396439,0.211097820783083,0.125276618478647,8.86225873430906,2.75004887580872,248.54543952178,18.9752061833348,0.0401025861501694,0.0450126156210899,0.000746671401429921,0.040849257260561,0.110521212220192,0.0690871849656105,0.349467992782593,0.529076397418976,16.0479393005371,5.42847061157227,2.03688279972657,18.4045879201014,18.93435658672,0,0,1,0.123683122966522,3016.02439673541,825.587629741173,13354.9154034771,20.1413155614393
"148",0.127702504396439,0.199066897045619,0.118136835987241,10,9.05657863616943,175,2.4944106302742,0.0401025861501694,0.0450126156210899,0.000746671401429921,0.040849257260561,0.10870748413496,0.0656182854737341,0.349617704736059,0.523943469219246,11.6120048442918,5.42847061157227,1.92934166284051,1.92934166284051,2.45356142144241,0.0983964141846053,0,1,0.103210910127865,4221.10871275602,1187.59293132468,20643.788491246,22.9080869942829
"149",0.127702504396439,0.214893411595498,0.127529121850531,10,4.12078428268433,175,16.99237626211,0.0401025861501694,0.0450126156210899,0.000746671401429921,0.040849257260561,0.107986261821568,0.0647439955207856,0.348835086049553,0.521565350904419,10.0298833847046,5.42847061157227,2.08951854542491,16.4295531486555,16.9515265764411,0.192894221878626,0,1,0.130034457492724,5846.19600449117,1660.02759395163,28424.9466790323,22.7635283679876
"150",0.127702504396439,0.173783924966937,0.11121657879797,5,30.1029014587402,331.700012207031,18.5521512724895,0.0401025861501694,0.0450126156210899,0.000746671401429921,0.040849257260561,0.106912078462745,0.0610690475514376,0.352451253568099,0.520432380557101,16.0479393005371,5.42847061157227,1.94265323063216,17.9905922179092,18.5113015868206,0.406933848744491,0,1,0.0976757023647363,3074.51789182587,870.582134970403,14683.3823009785,51.4710857101639
"151",0.127702504396439,0.166242009436812,0.104802021618159,5,32.1237449645996,331.700012207031,3.90432916506459,0.0401025861501694,0.0450126156210899,0.000746671401429921,0.040849257260561,0.107422032004251,0.0616395387669012,0.352869938812228,0.521931495251754,16.0479393005371,5.42847061157227,1.89920785724512,3.34202225661608,3.86347991336203,0.406933848744491,0,1,0.0834040323180429,3074.51789182587,870.582134970403,14683.3823009785,45.4900944661175
"152",0.398951172828674,0.0172927296101929,0.082508792241398,54.1594161174353,20.0535850524902,24.3999996185303,5.54063279727546,0.0886142179369926,0.0450126156210899,0.37008872628212,0.503715574741364,0.0879295779622406,0.0313314999299056,0.359277928894436,0.478539005605905,16.0479393005371,5.42847061157227,1.89391660672467,4.55842098397667,5.03691728213875,0,0,1,0.0696494474638684,153.975529761529,53.1562408925922,2347.04095573329,21.1782692245866
"153",0.398951172828674,0.0146583820904554,0.0708542226231708,29,32.8033409118652,29,2.49302167392413,0.0886142179369926,0.0450126156210899,0.37008872628212,0.503715574741364,0.0859864335006733,0.028396031570701,0.36000061076923,0.474383071705564,16.0479393005371,5.42847061157227,1.51502978005868,1.51502978005868,1.98930608402743,0,0,1,0.0611022921928423,213.813404713029,68.7735935107394,2501.44970600848,9.07195570531364
"154",0.398951172828674,0.0110285368995768,0.0554512447059206,29.7945469934448,27.4537124633789,30.2766403623536,11.3754834619557,0.0886142179369926,0.0450126156210899,0.37008872628212,0.503715574741364,0.0850168054098186,0.0269002755456698,0.361925930549809,0.47384302069473,16.0479393005371,5.42847061157227,2.12172827407474,10.3978137577564,10.871767946819,0,0.826696545722524,1,0.0518126223113637,301.682448682853,94.5602420022059,3158.99001444084,0.491199229803522
"155",0.398951172828674,0.0115232309313914,0.0575725717398688,29.8336246460027,25.7028102874756,29,12.2053007328886,0.0886142179369926,0.0450126156210899,0.37008872628212,0.503715574741364,0.0851844696876537,0.0271151308617649,0.361848701934113,0.474148311478062,16.0479393005371,5.42847061157227,2.12620406320049,11.2273256786886,11.7015852177519,0,0.826696545722524,1,0.0540398644365774,301.682448682853,94.5602420022059,3158.99001444084,1.09358694552575
"156",0.398951172828674,0.0128698956276279,0.0632507168913957,29,26.4638767242432,29,9.35190718482235,0.0886142179369926,0.0450126156210899,0.37008872628212,0.503715574741364,0.0857082623659026,0.0278862793650225,0.361024248660087,0.474618792542864,16.0479393005371,5.42847061157227,2.12401967674547,8.37360076299353,8.84819166968563,0,0.314151326395855,1,0.0583309524351982,304.213142301861,95.0021010131282,3131.33306330543,4.49898656813193
"157",0.398951172828674,0.00618090881909952,0.0337736249741728,24.0563801177169,16.9978637695312,33.7000007629395,3.01655439815735,0.0886142179369926,0.0450126156210899,0.37008872628212,0.503715574741364,0.083863682398751,0.0254303869249047,0.362446852707187,0.471740923268955,15.9587231755785,5.42847061157227,2.04128597619312,2.04128597619312,2.51283888302064,0,1,1,0.0247741360194144,271.173582134591,82.9347548984762,2527.55724612627,1.16961507248128
"158",0.398951172828674,0.00618090881909952,0.0337736249741728,24.0563801177169,14.5569334030151,33.7000007629395,3.01655439815735,0.0886142179369926,0.0450126156210899,0.37008872628212,0.503715574741364,0.0837018175993466,0.0252252445924427,0.362518126003203,0.471445188661844,15.653501416263,5.42847061157227,2.04128597619312,2.04128597619312,2.51283888302064,0,1,1,0.0247741360194144,271.173582134591,82.9347548984762,2527.55724612627,1.16961507248128
"159",0.398951172828674,0.00257715561035297,0.0201536418052283,15,15.4596757888794,21.6000003814697,24.5806449134048,0.0886142179369926,0.0450126156210899,0.37008872628212,0.503715574741364,0.0820314583178739,0.023129607379662,0.363036395373334,0.468197455873338,16.0479393005371,5.42847061157227,2.13221940031643,23.6086295959538,24.076929398268,0.352561571948767,0.182662567176319,1,0.020499823289444,106.375039011578,31.191330745704,790.921169581695,19.9140179588293
"160",0.398951172828674,0.0030273576827973,0.0220293588608032,15,14.629376411438,21.6000003814697,24.5770552908515,0.0886142179369926,0.0450126156210899,0.37008872628212,0.503715574741364,0.0821851203493284,0.023321061625458,0.362972932421835,0.46847911767796,16.0479393005371,5.42847061157227,2.12834735567701,23.6047571808167,24.0733397757147,0.352561571948767,0.182662567176319,1,0.0211161966476908,106.375039011578,31.191330745704,790.921169581695,16.0913486156529
"161",0.398951172828674,0.000313763328375855,0.00731590199016501,10,4.38720893859863,18.2028723595327,2.28587964724399,0.0886142179369926,0.0450126156210899,0.37008872628212,0.503715574741364,0.0814183581435587,0.0219453570170298,0.363547443505006,0.466911153800012,16.0479393005371,5.42847061157227,1.31515044539402,1.31515044539402,1.78216403819962,0,0,1,0.00714289984446914,10.6495898958013,2.90654774812847,46.5047639700556,32.33402145024
"162",0.398951172828674,0.000420443305805632,0.0109648284191562,10,12.1539611816406,17.1000003814697,24.5771318884878,0.0886142179369926,0.0450126156210899,0.37008872628212,0.503715574741364,0.0797938108690726,0.0199929075277055,0.364054657994161,0.463841383046229,16.0479393005371,5.42847061157227,2.13306327438492,23.6094738488204,24.0734163733511,0,0,1,0.0192766517059323,42.4356735542396,12.5102459950838,324.432127619571,31.2523689941324
"163",0.398951172828674,0.000408716084960745,0.0106589910522542,10,8.85884952545166,16.2000007629395,20.0408046748736,0.0886142179369926,0.0450126156210899,0.37008872628212,0.503715574741364,0.0803768305348367,0.0206872684209776,0.363891780724278,0.464955877604105,16.0479393005371,5.42847061157227,2.11505815284086,19.0723103015407,19.5370891597369,0,0,1,0.0173677986235867,32.2086028948859,9.42931961087064,236.363392589459,40.1564620422442
"164",0.398951172828674,0.000385352334117355,0.0100496831592294,10,6.45507669448853,16.2000007629395,2.92116580683844,0.0886142179369926,0.0450126156210899,0.37008872628212,0.503715574741364,0.0806715955238388,0.0210411130551787,0.363800833408381,0.465513530682487,16.0479393005371,5.42847061157227,1.95183491690811,1.95183491690811,2.41745029170172,0,0,1,0.0147275763490693,32.2086028948859,9.42931961087064,236.363392589459,42.8536659462689
"165",0.398951172828674,0.0900204172755102,0.146609559030621,12,4.55354785919189,47.2634758309379,2.98853629462193,0.0886142179369926,0.0450126156210899,0.37008872628212,0.503715574741364,0.0609522753736385,0.00450061500993866,0.334387212483269,0.399840097230087,16.0479393005371,5.42847061157227,2.07818893407386,2.08471492917412,2.48482077948521,0.839391813264927,0,1,0.19947942499005,1415.08232103797,387.484614521177,6278.33961555342,1.67755415875772
"166",0.398951172828674,0.0874456568147639,0.134619073718177,6.76727937214077,5.34662485122681,117.300003051758,2.94292708022612,0.0886142179369926,0.0450126156210899,0.37008872628212,0.503715574741364,0.0603666533223093,0.00418642836071775,0.332089803349474,0.396642889301489,16.0479393005371,5.42847061157227,2.04238398175682,2.04238398175682,2.43921156508941,0,0.870832383134402,1,0.160953033334987,1553.72156220591,425.533265063219,6902.1102126659,0.06471480666823
"167",0.398951172828674,0.10136214350642,0.152764714709128,7.82883282109855,7.94280910491943,117.300003051758,10.9277026041528,0.0886142179369926,0.0450126156210899,0.37008872628212,0.503715574741364,0.0601072775065962,0.0040911697655215,0.331215978712897,0.395414424994596,16.0479393005371,5.42847061157227,2.11892659882679,10.0283326506862,10.4239867974789,0,0.870832383134402,1,0.218766583779786,1553.72156220591,425.533265063219,6902.1102126659,0.0675302631967719
"168",0.398951172828674,0.109563652959103,0.127768185509763,3,7.12428379058838,89.8000030517578,2.87363923383855,0.0886142179369926,0.0450126156210899,0.37008872628212,0.503715574741364,0.0596562574629523,0.00393660887235983,0.328959243160874,0.392552099294325,16.0479393005371,5.42847061157227,1.97719588338646,1.97719588338646,2.36992371870183,0,0.866194028664373,1,0.129572164557865,622.002724615389,171.508546110882,2890.56316067418,0.0186569382928108
"169",0.398951172828674,0.122743733164874,0.140817967013188,3,6.99245882034302,89.8000030517578,2.93082733989557,0.0886142179369926,0.0450126156210899,0.37008872628212,0.503715574741364,0.059531233649691,0.00389120509263978,0.328540141709978,0.391962567755677,16.0479393005371,5.42847061157227,2.03497447482886,2.03497447482886,2.42711182475885,0,0.866194028664373,1,0.157759791920049,622.002724615389,171.508546110882,2890.56316067418,0.00232632131533419
"170",0.398951172828674,0.143099956489355,0.159002348011676,3,6.67558431625366,89.8000030517578,13.4231080227962,0.0886142179369926,0.0450126156210899,0.37008872628212,0.503715574741364,0.0594067701593266,0.00384625240433583,0.328121793348895,0.391374817087657,16.0479393005371,5.42847061157227,2.12441340255387,12.5284307746007,12.9193925076595,0.880597463817747,0.997634269638274,1,0.208160674594949,956.587126211741,263.071039520358,4376.76677708214,0.00472178459285676
"171",0.398951172828674,0.168589645362154,0.133880020904023,1,2.63368606567383,74.8000030517578,2.71374086204744,0.0886142179369926,0.0450126156210899,0.37008872628212,0.503715574741364,0.0581254621453401,0.00348876647824194,0.323118699108111,0.384732933486033,14.1200927414135,5.42847061157227,1.82512612264317,1.82512612264317,2.21002534691072,0,0,1,0.0961777638559446,681.048849041196,186.301775712022,3049.88571558927,0.0395725024512664
"172",0.398951172828674,0.289583935962868,0.181036244233656,1,8.74977493286133,184.599990844727,18.4279342392669,0.0886142179369926,0.0450126156210899,0.37008872628212,0.503715574741364,0.0565418907374505,0.00308560264144727,0.316681707419648,0.376309192990422,16.0479393005371,5.42847061157227,2.05774840529729,17.5483446673804,17.9242187241302,0,1,1,0.120711051863923,4641.56588585121,1274.38285334066,21185.4089719045,1.0909448583996
"173",0.398951172828674,0.293717503547668,0.176273003220558,8,1.60391581058502,103,23.9654502868652,0.0544467903673649,0.0450126156210899,0.0061766067519784,0.0606233961880207,0.043375254091642,0.00148594404363556,0.249526674268836,0.294387876403084,16.0479393005371,5.42847061157227,2.13429546356201,23.6107063293457,23.9048271179199,0.00119840666236261,1,1,0.134691774845123,283.703303526538,94.3002822165234,3448.18599160203,1.0586790040179e-06
"174",0,0.218775936431843,0.136792001992496,7.0372635364397,21.6369514465332,36.5,0,0,0.0450126156210899,0,0,0,0,0,0,0,0,0,0,0,0.701090163157321,1,1,0.0890130679601531,187.662400171105,60.3129499692398,1986.68379115218,1.0586790040179e-06
"175",0,0.141745350236719,0.0967574111541527,12,15.8818731307983,16.3000011444092,0,0,0.0450126156210899,0,0,0,0,0,0,0,0,0,0,0,0,0.334799612149602,1,0.0428638967101187,64.3052696171,21.7408489286902,709.936007816533,1.0586790040179e-06
"176",0,0.0581687395487542,0.0528107802241101,12,14.6091690063477,11.3000001907349,0,0,0.0450126156210899,0,0,0,0,0,0,0,0,0,0,0,0,0,1,0.000149437964159803,0.344439977099086,0.430164620653658,52.1212221980758,1.0586790040179e-06
"177",0,0.0613308608348429,0.0547367738593045,12,0,11.3000001907349,0,0,0.0450126156210899,0,0,0,0,0,0,0,0,0,0,0,0,0,1,0.00157046956190029,2.94989349561059,1.54184521237216,124.986080086051,0.0030652310098629
"178",9.92157649993896,0.00941905229219782,0.0722156896305643,102.67813035823,9.33471012115479,20.8000011444092,4.52868904313359,0.0173206832259893,1.16072130203247,0.0744980648159981,1.25253999233246,0.712144259836639,0.151112793022128,0.197621273787183,1.06087830633781,18.8557053697064,3.39901924133301,2.21591843818337,2.21591843818337,3.27614914069755,0,1,1,0.00614328611083969,1448.95093728264,424.100060369343,9245.24147480838,4.88109470284503
"179",9.92157649993896,0.00584693777667903,0.0448283516859372,78.5265169534399,5.87368106842041,24.8999996185303,6.68830942578257,0.0173206832259893,1.16072130203247,0.0744980648159981,1.25253999233246,0.717912120626966,0.152349242699395,0.199230342861465,1.06949167691654,15.1249595144789,2.19424584138718,2.25738532256277,4.3647624089872,5.43576932367965,0,1,1,0.00276037528299033,2895.64429584407,854.63563463527,19048.7132577575,0.841885287961435
"180",9.92157649993896,0.00107480316115766,0.00824049384152329,48.5529772138195,1.63098382949829,20.7999992370606,4.41648601184888,0.0173206832259893,1.16072130203247,0.0744980648159981,1.25253999233246,0.731784195459279,0.155321641845953,0.203100593701745,1.09020644497534,12.5801601409912,2.62966542068413,2.07231712771044,2.07231712771044,3.16394590682208,0,1,1,0.000252208446885755,174.446497732028,50.8292884953575,1067.4703671212,0.0154344095439395
"181",9.92157649993896,0.000637182514185149,0.00148255918588547,2.34450901675393,0.191397339105606,8.39999961853027,2.38570145719083,0.0173206832259893,1.16072130203247,0.0744980648159981,1.25253999233246,0.761002725119802,0.161600324146585,0.211267463914265,1.13387050751494,15.962851051954,2.87871121300878,1.42742311781021,1.42742311781021,1.1331613550812,0,1,0.304181706059258,0.000791978122263056,0,0,0,0.0304720579405435
"182",9.92157649993896,0.0179418659594268,0.0692131466225987,56.0343883735967,3.81009125709534,27.7000007629395,4.26128684212139,0.0173206832259893,1.16072130203247,0.0744980648159981,1.25253999233246,0.740078428482483,0.157104226221581,0.205418450232247,1.10260112768178,15.0987756571353,3.39901924133301,1.90460585345608,1.90460585345608,3.00874674182023,0.0518082714071,1,0.806648533627211,0.00358394228610076,415.024368252654,123.342294150546,2837.35103802434,0.323130133582637
"183",9.92157649993896,0.0194682971284471,0.0617166007963418,24,8.25071430206299,18.3999996185303,4.26173407541563,0.0173206832259893,1.16072130203247,0.0744980648159981,1.25253999233246,0.752710334174481,0.159815815324958,0.208947134591946,1.12147330894961,12.5801601409912,3.39901924133301,1.8884754294277,1.8884754294277,3.00919398394321,0,1,0.821640591271987,0.0032902252853465,438.0926441272,127.38908634753,2248.19900832962,0.0614220665343682
"184",9.92157649993897,0.0171613747340991,0.0447214386337641,17.1165429326599,2.09500908851624,12,4.65610557299238,0.0173206832259893,1.16072130203247,0.0744980648159981,1.25253999233246,0.761714881055886,0.161752328875025,0.211465514285901,1.13493268882684,12.5801601409912,3.39901924133301,2.26719916241579,2.26719916241579,3.40356566372254,0,1,0.235219749597416,0.00181079565587036,274.8935402296,79.8149990744107,1438.99001758928,0.00644185090693271
"185",9.92157649993896,0.0532772392755903,0.128083738384951,14.0195244720964,2.03234362602234,6,6.08554611953739,0.0173206832259893,1.16072130203247,0.0744980648159981,1.25253999233246,0.809422048803322,0.172044315803527,0.224838307289262,1.20630468756167,10.0641279220581,3.39901924133301,2.23719098003279,3.62514256425993,4.83300628183567,0,0,1,0.00524097743026215,0,0,0,0.0772008513683292
"186",9.92157649993896,0.0106511019861274,0.0248514478137728,23,3.28131508827209,19.7000007629395,4.55336838974504,0.0173206832259893,1.16072130203247,0.0744980648159981,1.25253999233246,0.772193399202774,0.164013337539773,0.214401794676761,1.15060854271936,14.6844928962619,2.12436676025391,2.15133214618042,2.15133214618042,3.30082830617294,0,1,0.764961815936086,0.000611963820084275,258.763913989076,75.2554835115033,1367.09468311909,0.027603990802561
"187",9.92157649993896,0.134408521294827,0.329655692528552,25,3.5007803440094,27.7000007629395,4.49661952186036,0.0173206832259893,1.16072130203247,0.0744980648159981,1.25253999233246,0.749598332568188,0.159159899276901,0.208085808407956,1.11684404948729,18.6107485246883,2.74912373171572,2.10216941313484,2.12608978587472,3.24407964672197,0.746731257687323,0.956033768772072,0.746719549449161,0.0400815034488319,731.151058742612,213.855286808636,3976.7967972094,2.5194127564561
"188",9.92157649993896,0.0161652041817897,0.036784046862155,29.5685751158092,3.98405385017395,24.5,4.54602154127691,0.0173206832259893,1.16072130203247,0.0744980648159981,1.25253999233246,0.772409009475752,0.16406973726408,0.214469312155862,1.15094809855501,13.5622147141933,1.86001300811768,2.14145558979964,2.14145558979964,3.29348160667432,0.110295894007839,1,1,0.000905135646993694,51.3835495650777,15.1051400271951,292.493425310819,0.154628081469349
"189",0,0.171524242020097,0.390304716170414,33,0,12.7431892677205,3.13109406009548,0.00866034161299467,0.580360651016235,0.037249032407999,0.626269996166229,0.394501651351012,0.0838268570752451,0.109561946614401,0.587890462780806,10.0641279220581,1.6995096206665,1.11439423585,1.91732532917161,2.50482410480482,1,1,1,0.0362029043435561,2.50280040021075,0.697531366457226,10.8424574025219,0.0218021761582251
"190",9.92157649993896,0.160993905725131,0.37215065851527,22,0,86.9000015258789,8.03966954711997,0.0173206832259893,1.16072130203247,0.0744980648159981,1.25253999233246,0.745935786102677,0.15838370949863,0.207069525402062,1.1113890251915,15.6645071588021,3.39901924133301,2.27788663896735,5.67690587723589,6.78712988699039,1,1,0.959293797213492,0.0370415261144191,533.187517144962,153.628159589629,2654.212759099,3.24400867082606
"191",9.92157649993896,0.0819468624776458,0.186470706658158,13.2505788121239,2.07220458984375,100.699996948242,4.55567999522656,0.0173206832259893,1.16072130203247,0.0744980648159981,1.25253999233246,0.756417492486861,0.160638697093495,0.210001689733935,1.12705790529893,12.8410823323427,2.51970242089761,2.17501031420388,2.17501031420388,3.30314011794812,0.633112878292384,1,1,0.00940951316055198,651.854584247672,189.828989550888,3384.06597394754,0.584630098501201
"192",3.07483840154142,0.0860677830719669,0.195847893291717,32,0.591366529464722,84,0.132509961528267,0.0106635313987064,0.714601576328278,0.0458649605759352,0.771130062371416,0.470309128657006,0.0998927652361901,0.130581408696829,0.700783295250313,11.7260114780206,0.758702414376395,0.0557267195837417,0.0722500759507525,0.100933652215059,0.962668232040127,1,1,0.0102029862206888,474.934323260362,139.537111237335,2533.35087286321,0.0402767423278653
"193",9.92157649993896,0.203518435091029,0.463107776186247,10.0440435072794,0,99.0999984741211,17.0180772064032,0.0173206832259893,1.16072130203247,0.0744980648159981,1.25253999233246,0.745013737804647,0.15820365243092,0.20682455573875,1.11004196014511,12.5801601409912,2.73579597473145,2.07610094921652,14.6562613996741,15.7655366180243,1,1,0.854066480503418,0.0562046255424224,650.345581372638,189.123725461307,3359.46887247507,0.076005204365239
"194",9.92157649993896,0.141706431615377,0.350843431393373,53.122465391816,7.23107862472534,19.7000007629395,7.88866655887269,0.0173206832259893,1.16072130203247,0.0744980648159981,1.25253999233246,0.741897230230248,0.157551050606696,0.205965667641776,1.10541394173505,18.2403377776026,3.39901924133301,2.26546775297461,5.53206849518942,6.63612666820223,0.969775518440887,1,0,0.0287923781450296,70.5685712225011,21.2967091484519,513.378216000045,0.0196289934801624
"195",0.70356947183609,0.105636164546013,0.435441225767136,9,18.1108531951904,193.600006103516,27.4926338195801,0.00230122334323823,0.0644013211131096,0.105059780180454,0.171762317419052,1.01118894517204,0.216313054629554,0.281951065326049,1.50945307360211,20.1282558441162,3.39901924133301,2.28417468070984,25.8114490509033,27.3208713531494,0,0,1,0.049758855253458,59.1020439113108,18.1514754815697,381.200833307127,0.299271523952484
"196",0,0.204163729133795,0.661947743147877,4.58309814599751,167.116775512695,5.09999990463257,1.08935323090057,0.0150729715824127,0.224691569805145,0.10192134231329,0.341685891151428,0.501467447967938,0.107314096076252,0.139158679664277,0.747940212485216,0,0,0,0,0.747667324804555,0.606068851150572,0,1,0.213727277710233,0,0,0,0.00103477280574228
"197",0,0.21537883675876,0.645359875427262,4.4356270120225,192.802627563477,5.09999990463257,1.09304861672796,0.0150729715824127,0.224691569805145,0.10192134231329,0.341685891151428,0.503933311723182,0.107840393214454,0.139841210572809,0.751614917332724,0,0,0,0,0.75136271207186,0.612745617499575,0,1,0.214457853601031,0,0,0,0.000696957606515883
"198",0,0.218660638523328,0.641454531252589,4.08509285679702,218.890396118164,9.5,1.09717651613003,0.0150729715824127,0.224691569805145,0.10192134231329,0.341685891151428,0.50624492357555,0.108333608049614,0.140480970308042,0.755059507160245,0,0,0,0,0.755490641205852,0.619452707702294,0,1,0.215338918198019,11.7693607957958,3.28012503581643,50.9863984946879,0.00677995872929461
"199",2.45219492912292,0.219080494326169,0.642686204854235,3,274.448272705078,9.40000057220459,5.31517469245556,0.0614416189491749,0.257720679044724,0.0316519141197205,0.35081422328949,2.04161348253295,0.436907435996299,0.56655957915626,3.0450804685935,0.644982977412698,0.108908143489291,1.94721248903177,2.29008701615066,5.00260808135568,0.632957860475406,0.032532911058134,1,0.216669461025556,151.590621676432,42.2483624881208,656.710262398265,0.000235047554463925
"200",0,0.218940166002041,0.642274542823551,7.56706434458912,258.821929931641,9.4129742717743,0.846985607899381,0.0153604047372937,0.0644301697611809,0.00791297852993011,0.0877035558223724,0.509218000062053,0.108967646838653,0.141303605523164,0.759489265597245,0,0,0,0,0.759282040037587,0.632957860475406,0.032532911058134,1,0.216224753952543,151.590621676432,42.2483624881208,656.710262398265,0.00260714564108337
"201",2.45219492912293,0.0385928403899047,0.113214479171637,3,332.706634521484,1,3.84016635678795,0.0614416189491749,0.257720679044724,0.0316519141197205,0.35081422328949,2.05271327350733,0.439355354590848,0.569746668862156,3.06181530765666,0.75469034910202,0.127432703971863,0.4284085749143,0.4284085749143,3.48935215865167,0,1,1,0.010760256721391,0,0,0,0.00124568550856107
"202",2.45219492912293,0.0392545217646427,0.115155563074976,3,369.431427001953,1.20000004768372,4.50699298198686,0.0614416189491749,0.257720679044724,0.0316519141197205,0.35081422328949,2.06148877452512,0.441236127202732,0.5721893588392,3.0749142790892,0.75469034910202,0.127432703971863,1.08199693693128,1.08199693693128,4.15617863948809,0.0606943345695979,1,0.905953133546282,0.0110250264171126,0,0,0,0.000552761441321669
"203",2.45219492912292,0.0292298234997513,0.410988702448188,5,442.675750732422,300.100006103516,4.99875891365253,0.0614416189491749,0.257720679044724,0.0316519141197205,0.35081422328949,2.07445131560592,0.444085839546243,0.575961014052661,3.09449828084446,19.3241155534643,3.39901924133301,1.55316977763034,1.55316977763034,4.64794457115375,0,0,0.0593867695196532,0.0118907737929107,571.205878111189,159.194940399106,2474.53287556816,0.180812900339913
"204",2.45219492912292,0.047885130960846,0.658167550772817,2,413.49072265625,300.100006103516,8.76144363877161,0.0614416189491749,0.257720679044724,0.0316519141197205,0.35081422328949,2.06927228203588,0.442995032539525,0.574559704636467,3.08682693406098,15.8482028353113,3.39901924133301,2.24979805279375,5.32335295747579,8.41062972745168,0.0407239122391905,0,1,0.0293915389768349,880.237996969096,245.316722567516,3813.2133657058,5.19966701242259
"205",2.45219492912292,0.0388371764080505,0.537585593549873,4.79668747886699,439.947479248047,300.100006103516,5.63409395894639,0.0614416189491749,0.257720679044724,0.0316519141197205,0.35081422328949,2.07111321896918,0.443383806275744,0.575059927340912,3.08955689791092,14.2312270460023,3.39901924133301,2.19332241679072,2.19332241679072,5.28327961644761,0.0407239122391905,0,1,0.0192187565190089,880.237996969096,245.316722567516,3813.2133657058,0.16949514591405
"206",2.45219492912292,0.055551991926041,0.758727979327828,2,342.522308349609,947.400024414062,28.8097497648772,0.0614416189491749,0.257720679044724,0.0316519141197205,0.35081422328949,2.06315502984435,0.441703072627885,0.572896734301917,3.07775472014805,19.6974890732757,3.39901924133301,2.2840479453459,25.3805555566266,28.458934966746,0.755914815729343,0,1,0.0439552105120351,1039.27720982003,289.639039006069,4502.16127297387,48.7073331573942
"207",2.45219492912292,0.0273847887668963,0.374020859064001,1.35806048533305,323.602478027344,298.899993896484,5.29754163364641,0.0614416189491749,0.257720679044724,0.0316519141197205,0.35081422328949,2.0538234753685,0.439729357287203,0.570352937705448,3.06390578951697,16.9841240203307,3.39901924133301,1.88226570602791,1.88226570602791,4.94672729114763,0,0,1,0.0097717464027663,358.508350181072,99.9103779331208,1553.01113997305,0.0535685910785451
"208",0,0.0771962684903455,0.258523395964058,4,0,305.899993896484,0,0,0,0,0,0,0,0,0,0,0,0,0,0,0,1,1,0.00906475989932196,213.166369507997,59.4095468541814,923.464408705021,2.58007137272689
"209",0,0.0772080140572541,0.25856273065149,4,0,305.899993896484,0,0,0,0,0,0,0,0,0,0,0,0,0,0,0,1,1,0.00906967967908214,213.166369507997,59.4095468541814,923.464408705021,2.00644603682095
"210",0.433495991835631,0.0771724751994189,0.258443714505317,4,0,247.232420855107,1.58999991151455,0.00312026534421144,0.0623487909634908,0.00890006031258483,0.0743691172682437,0.407087516285915,0.0877604876228075,0.113971837562824,0.608819844527613,0.0186989824667834,0.446559898093465,0.571284976734272,0.836929880980372,1.50794684621456,0,0.956319081784226,1,0.00905955762913528,41.9833961322452,11.7007875141993,181.877539227804,0.22706720349681
"211",2.31778812408447,0.0507246915524896,0.47454231978661,10,242.284286499023,307.699981689453,28.9973565844433,0.0122405607253313,0.244589507579803,0.0349142514169216,0.291744321584702,1.94200856357419,0.416117470962633,0.539883516327981,2.89800953533274,20.1282558441162,3.39901924133301,2.28196096945414,25.8092358122179,28.7056123522656,0.820368153149262,0,1,0.025237102561559,4563.76519533354,1317.4323983283,22659.2711166985,0.00259512307535368
"212",2.31778812408447,0.0490973151120711,0.399628867193557,10,237.843444824219,142.399993896484,21.4135191226307,0.0122405607253313,0.244589507579803,0.0349142514169216,0.291744321584702,1.92198904848434,0.411903726781932,0.534447942665229,2.86834069447606,12.5801601409912,3.39901924133301,2.27467263481234,18.2538516152087,21.121774890453,0.787319038794671,0.0406529274987466,1,0.0236661834249553,4458.5185065793,1286.98907527787,22123.9863336359,0.0101907636156257
"213",2.31778812408447,0.0459137732384639,0.366842149064109,10,217.441513061523,142.399993896484,13.1298350404213,0.0122405607253313,0.244589507579803,0.0349142514169216,0.291744321584702,1.91830717616121,0.411134684352011,0.533456561053158,2.86289843776088,12.5801601409912,3.39901924133301,2.22250104514737,9.97725071068944,12.8380908082436,0,0.835606057804078,1,0.0194418488215678,4208.41500033746,1215.4986067369,20921.5109940771,0.0673240371322192
"214",2.31778812408447,0.0240186398130162,0.213298917835722,1,208.609130859375,73.8884658482347,5.13881149705582,0.0122405607253313,0.244589507579803,0.0349142514169216,0.291744321584702,1.94117665306937,0.415951180194916,0.539645513057702,2.89677332477896,12.6740435505349,3.32016627257918,1.94940847938976,1.94940847938976,4.84706726487809,0,0,0,0.00522251755049761,2886.06371051601,834.189743144806,14407.1098046264,0.00287558831676437
